{
  "type": "FeatureCollection",
  "features": [
    {
      "type": "Feature",
      "properties": {
        "id": "mazandaran",
        "name": "مازندران"
      },
      "geometry": {
        "type": "Polygon",
        "coordinates": [
          [
            [
              53.86221480017292,
              36.7815592002969
            ],
            [
              53.47611050019947,
              36.78143629984544
            ],
            [
              53.40325860030424,
              36.82789149959308
            ],
            [
              53.58252950013639,
              36.82545799978692
            ],
            [
              53.59191670009568,
              36.84582250000841
            ],
            [
              53.51183559993302,
              36.85317349995711
            ],
            [
              54.014885600190325,
              36.91396719992639
            ],
            [
              53.2653643000225,
              36.850436499644786
            ],
            [
              52.07789469948085,
              36.58991949988507
            ],
            [
              51.86789299946241,
              36.572698599660725
            ],
            [
              51.03840479954192,
              36.74857129962584
            ],
            [
              50.59266989999594,
              36.9658360000314
            ],
            [
              50.512888199430904,
              36.87500670009916
            ],
            [
              50.432606000066926,
              36.85666790030342
            ],
            [
              50.43232930025704,
              36.73000450010767
            ],
            [
              50.35982359977936,
              36.641665899561644
            ],
            [
              50.83456890003475,
              36.40471550002036
            ],
            [
              50.8529056997383,
              36.2911060003417
            ],
            [
              51.20153190007716,
              36.162488099945904
            ],
            [
              51.26792429976666,
              36.18415869996409
            ],
            [
              51.44487569965389,
              36.149431800037576
            ],
            [
              51.76044899992144,
              36.00665289951178
            ],
            [
              51.87823110028512,
              35.85998470003392
            ],
            [
              51.99295989977958,
              35.793308200013485
            ],
            [
              52.18407759950168,
              35.7633173997782
            ],
            [
              52.37825549969159,
              35.848591699847134
            ],
            [
              52.46270440018799,
              35.92525999964931
            ],
            [
              52.56798639985254,
              35.94331300029478
            ],
            [
              52.98745169953634,
              35.83553999997105
            ],
            [
              53.06495409985189,
              35.91498530013155
            ],
            [
              53.22329560021183,
              35.92831569990966
            ],
            [
              53.2246854997361,
              35.96804429990459
            ],
            [
              53.370523900157934,
              36.06026620002518
            ],
            [
              53.67915020022161,
              36.09832190003573
            ],
            [
              53.88082459987544,
              36.215272700374896
            ],
            [
              53.95388379979755,
              36.305829000308165
            ],
            [
              53.881381300007035,
              36.3777734995474
            ],
            [
              53.939160600181594,
              36.437497199636084
            ],
            [
              54.1255584995252,
              36.49110969975288
            ],
            [
              54.13000520007995,
              36.55055479976426
            ],
            [
              54.0983354995837,
              36.61972179952147
            ],
            [
              53.96472040022633,
              36.67528500020268
            ],
            [
              53.86915799984189,
              36.6736101001261
            ],
            [
              53.86221480017292,
              36.7815592002969
            ]
          ]
        ]
      }
    },
    {
      "type": "Feature",
      "properties": {
        "id": "north-khorasan",
        "name": "خراسان شمالی"
      },
      "geometry": {
        "type": "Polygon",
        "coordinates": [
          [
            [
              58.31120479956189,
              37.66222200014522
            ],
            [
              58.22704670024507,
              37.68403649978467
            ],
            [
              58.20830329995738,
              37.771095800330954
            ],
            [
              58.155062100235796,
              37.79361740002304
            ],
            [
              58.027855399806924,
              37.805902499800595
            ],
            [
              57.89157649955587,
              37.87076239986493
            ],
            [
              57.825473800275745,
              37.86324650022584
            ],
            [
              57.72036760008473,
              37.92185639985303
            ],
            [
              57.512192299934725,
              37.91926299968776
            ],
            [
              57.356943999765804,
              37.98583300019288
            ],
            [
              57.37111100017256,
              38.09305600033417
            ],
            [
              57.288332999568354,
              38.17055600035917
            ],
            [
              57.239166999457495,
              38.27388900007736
            ],
            [
              57.17611100002267,
              38.28027799972995
            ],
            [
              57.07611100022251,
              38.19944399974082
            ],
            [
              57.009767100071656,
              38.18686680016276
            ],
            [
              56.991998500130705,
              38.214343899951075
            ],
            [
              56.84047119978612,
              38.229899700011174
            ],
            [
              56.75638899965264,
              38.284999999850186
            ],
            [
              56.61388899957774,
              38.240555999859566
            ],
            [
              56.54666699958244,
              38.26611100022251
            ],
            [
              56.42444400019053,
              38.25472200022017
            ],
            [
              56.31852049972133,
              38.17907219972227
            ],
            [
              56.35207899954622,
              38.11716429999251
            ],
            [
              56.33524799949561,
              38.07724959968931
            ],
            [
              56.28897559954436,
              38.08465830014052
            ],
            [
              56.31038939995091,
              37.910313599592996
            ],
            [
              56.28038610003853,
              37.867257699583206
            ],
            [
              56.21566029968312,
              37.85948219984368
            ],
            [
              56.00120539970948,
              37.44252210021483
            ],
            [
              56.016485199632314,
              37.370295400012765
            ],
            [
              55.90842299982165,
              37.33234049961442
            ],
            [
              55.90870269976983,
              37.20557240034606
            ],
            [
              56.00870490021106,
              37.23445669991685
            ],
            [
              56.06287439993366,
              37.16084859968316
            ],
            [
              55.99426160019277,
              37.119181899525074
            ],
            [
              56.040097800173385,
              37.10029149965305
            ],
            [
              56.014537900303935,
              37.00695709949059
            ],
            [
              55.97917840016311,
              36.99624529978081
            ],
            [
              55.98481490018753,
              36.89806370037951
            ],
            [
              56.018707699600725,
              36.83278439968035
            ],
            [
              56.22621560026977,
              36.899170799992476
            ],
            [
              56.36511049974979,
              36.75305679963162
            ],
            [
              56.36122389966329,
              36.68166849960164
            ],
            [
              56.53206519944945,
              36.66750340036168
            ],
            [
              56.721239899501825,
              36.79889509952926
            ],
            [
              57.02958659944204,
              36.87167630012118
            ],
            [
              57.54572059962601,
              36.75116679970807
            ],
            [
              57.82157089997713,
              36.6161078001349
            ],
            [
              58.05380129949043,
              36.58833320011712
            ],
            [
              58.105747499747395,
              36.64555559961127
            ],
            [
              58.098808300262874,
              36.868892900187234
            ],
            [
              58.25881320016913,
              36.91083520028434
            ],
            [
              58.30105270012206,
              36.9644638998891
            ],
            [
              58.24409359963994,
              37.04695399962742
            ],
            [
              58.159014799593365,
              37.075130500372325
            ],
            [
              58.24298059957505,
              37.1811205003109
            ],
            [
              58.304926899456916,
              37.16806309963238
            ],
            [
              58.42048539998126,
              37.24390170020337
            ],
            [
              58.31687359963695,
              37.35167929966002
            ],
            [
              58.3549337000303,
              37.40835450035996
            ],
            [
              58.37091340003343,
              37.58467449972841
            ],
            [
              58.31120479956189,
              37.66222200014522
            ]
          ]
        ]
      }
    },
    {
      "type": "Feature",
      "properties": {
        "id": "kerman",
        "name": "کرمان"
      },
      "geometry": {
        "type": "Polygon",
        "coordinates": [
          [
            [
              59.463574699712694,
              30.51679460029061
            ],
            [
              59.07856120003942,
              30.907916600171006
            ],
            [
              59.0585552001624,
              31.00847799995978
            ],
            [
              58.780493000151864,
              31.155415499625633
            ],
            [
              58.22935469965972,
              31.58265250031269
            ],
            [
              58.00545800008666,
              31.690434400327376
            ],
            [
              57.533491499732975,
              31.823491099834428
            ],
            [
              56.8256813999767,
              31.960163100047055
            ],
            [
              56.60483779982468,
              31.92210599979211
            ],
            [
              56.579281099743014,
              31.711544899877254
            ],
            [
              56.31538139993171,
              31.578492799503124
            ],
            [
              56.212875999527796,
              31.5484918998813
            ],
            [
              56.121195299723354,
              31.59067120011582
            ],
            [
              56.035088499934375,
              31.57043070021672
            ],
            [
              56.01286519996904,
              31.464873699561622
            ],
            [
              55.93841969960948,
              31.37681579990931
            ],
            [
              55.74007560010892,
              31.274596499928577
            ],
            [
              54.946429900119824,
              31.028196299519664
            ],
            [
              54.711696600118046,
              31.065981800020097
            ],
            [
              54.538079099470906,
              31.018204099539616
            ],
            [
              54.55946860019577,
              30.582632399765487
            ],
            [
              54.48001970004918,
              30.478466099930642
            ],
            [
              54.33668179982527,
              30.380965499558215
            ],
            [
              54.54502209949038,
              30.189293900193377
            ],
            [
              54.561411599865494,
              29.62649729951079
            ],
            [
              54.83531429961528,
              29.579837399676308
            ],
            [
              54.9839319999619,
              29.39483180014753
            ],
            [
              55.164215799919305,
              29.253715999693668
            ],
            [
              55.24922119999843,
              29.118712900180242
            ],
            [
              55.28061059979939,
              28.995102499580753
            ],
            [
              55.24783100010063,
              28.747038100128293
            ],
            [
              55.51895349970431,
              28.693706700204075
            ],
            [
              55.815632200265895,
              28.81953880037537
            ],
            [
              56.05480609982169,
              28.87930049951848
            ],
            [
              56.036475199670804,
              28.376201599524222
            ],
            [
              56.10425739995907,
              28.23480240021064
            ],
            [
              56.25509499943473,
              28.16119920038284
            ],
            [
              56.44454869976272,
              28.130639800186657
            ],
            [
              56.65205880017356,
              28.143136800023342
            ],
            [
              56.74900740027135,
              28.26536510001938
            ],
            [
              56.99262699943654,
              28.241194999849426
            ],
            [
              57.00818290022073,
              27.9739721998572
            ],
            [
              57.204026499523366,
              27.89479569986173
            ],
            [
              57.41653300029776,
              27.89062799958259
            ],
            [
              57.42514640018629,
              27.81007480031184
            ],
            [
              57.47514509966669,
              27.79257019995481
            ],
            [
              57.32569410010268,
              27.7064580995617
            ],
            [
              57.223051199653185,
              27.576840600013725
            ],
            [
              57.260817200153724,
              27.565585299522013
            ],
            [
              57.30157820027375,
              27.59804610034729
            ],
            [
              57.358712499482294,
              27.57448799962151
            ],
            [
              57.3090080995442,
              27.468500300148776
            ],
            [
              57.31625400022199,
              27.360623199700967
            ],
            [
              57.38681289959567,
              27.26617540017463
            ],
            [
              57.544036799858475,
              27.18450910011495
            ],
            [
              57.598209100069994,
              27.101172199637347
            ],
            [
              57.79849219995509,
              26.94311540035551
            ],
            [
              57.99183559943344,
              26.91561249991696
            ],
            [
              58.19184570021895,
              26.77922279959256
            ],
            [
              58.43546809987299,
              26.732274800141965
            ],
            [
              58.64519779993856,
              26.558659599960606
            ],
            [
              58.844374300233824,
              26.48310649996506
            ],
            [
              58.92243310030739,
              26.51504349965785
            ],
            [
              59.00035510000794,
              26.50032289998188
            ],
            [
              59.03743820031275,
              26.54754810016476
            ],
            [
              58.99965879991373,
              26.596439000359624
            ],
            [
              59.01771189948465,
              26.656159200286936
            ],
            [
              58.99049260025333,
              26.759219999503443
            ],
            [
              58.850761499443706,
              26.831160500356873
            ],
            [
              58.91298759999779,
              26.99992960027089
            ],
            [
              58.848542200162456,
              27.101727700073354
            ],
            [
              58.83103640010984,
              27.25367349993212
            ],
            [
              58.90104259953637,
              27.57645679994141
            ],
            [
              58.89049009943858,
              27.89812349989967
            ],
            [
              58.933823099456504,
              28.029801099840938
            ],
            [
              59.014554600114764,
              28.107065599797636
            ],
            [
              59.148384300195346,
              28.127376299876403
            ],
            [
              59.16143919985922,
              28.25071859998343
            ],
            [
              59.12254779944146,
              28.363219099781702
            ],
            [
              59.061989300066216,
              28.416278099554688
            ],
            [
              59.23050630022561,
              28.476473199978273
            ],
            [
              59.53634799976044,
              28.473139700037166
            ],
            [
              59.56524110009673,
              28.509810499854723
            ],
            [
              59.550515500190215,
              28.815929199572963
            ],
            [
              59.496903199722965,
              28.960930000219378
            ],
            [
              59.5707959003106,
              29.082039100224335
            ],
            [
              59.463571699574345,
              29.374269100138918
            ],
            [
              59.43357359954206,
              29.87177849957817
            ],
            [
              59.42496119969968,
              30.25262589976552
            ],
            [
              59.463574699712694,
              30.51679460029061
            ]
          ]
        ]
      }
    },
    {
      "type": "Feature",
      "properties": {
        "id": "ilam",
        "name": "ایلام"
      },
      "geometry": {
        "type": "Polygon",
        "coordinates": [
          [
            [
              47.47997549976958,
              33.94214599993802
            ],
            [
              47.391360200313045,
              33.930483499913635
            ],
            [
              47.318024299681724,
              33.96048749949853
            ],
            [
              47.38663689977318,
              33.861311800299404
            ],
            [
              47.295245399455666,
              33.78853600013633
            ],
            [
              47.10634759976199,
              33.84047710033798
            ],
            [
              46.99717530020001,
              33.81159039957731
            ],
            [
              46.97467590027264,
              33.74186449994676
            ],
            [
              46.920227099900785,
              33.76853079975666
            ],
            [
              46.85966739993063,
              33.73353199970205
            ],
            [
              46.76271829980976,
              33.771310800253275
            ],
            [
              46.725219299930814,
              33.74186380027419
            ],
            [
              46.620769999635854,
              33.83131339989353
            ],
            [
              46.35575639953828,
              33.970486299603124
            ],
            [
              46.29853080025629,
              33.995480099626946
            ],
            [
              46.27825409994682,
              33.950763300186225
            ],
            [
              46.054910200145684,
              34.037704099764426
            ],
            [
              45.98323779978466,
              33.97241679959569
            ],
            [
              45.86739949948736,
              33.98908830038482
            ],
            [
              45.853790200157675,
              33.9265889003575
            ],
            [
              45.96934819975968,
              33.858807499566524
            ],
            [
              45.85962349972476,
              33.84325380032266
            ],
            [
              45.77017540017465,
              33.70408160028569
            ],
            [
              45.69251999999807,
              33.69097000016541
            ],
            [
              45.77166999967079,
              33.636935999496814
            ],
            [
              45.75316499976498,
              33.592917000219416
            ],
            [
              45.90706200021117,
              33.6380969999766
            ],
            [
              45.96100200014223,
              33.56132999957987
            ],
            [
              45.86300299998851,
              33.49314800028003
            ],
            [
              46.00725199978001,
              33.50781000013143
            ],
            [
              46.08096199949671,
              33.35175499999332
            ],
            [
              46.18982699981626,
              33.263969999615824
            ],
            [
              46.18058399985176,
              33.20634399967588
            ],
            [
              46.2123459995683,
              33.19707200017274
            ],
            [
              46.12545399990222,
              33.11708000034179
            ],
            [
              46.05367200006282,
              33.12813300013789
            ],
            [
              46.04036999997555,
              33.09453899957521
            ],
            [
              46.16462499954417,
              33.0694279999023
            ],
            [
              46.09916199972656,
              33.01981299977018
            ],
            [
              46.09651099978288,
              32.98168000033178
            ],
            [
              46.44742099967942,
              32.93327500024111
            ],
            [
              46.72061499948268,
              32.78596000025385
            ],
            [
              46.88723799953408,
              32.63195400017702
            ],
            [
              47.16840099990628,
              32.45728100031795
            ],
            [
              47.28346099992524,
              32.49636999977571
            ],
            [
              47.37956700001712,
              32.47321200023367
            ],
            [
              47.465347999710445,
              32.39131599983358
            ],
            [
              47.43525599966472,
              32.35186699996211
            ],
            [
              47.46313999951144,
              32.314316000383144
            ],
            [
              47.51949400014803,
              32.30451599991352
            ],
            [
              47.499848999831556,
              32.277874999831454
            ],
            [
              47.56696000010396,
              32.22508900005738
            ],
            [
              47.529200999926275,
              32.14175199975506
            ],
            [
              47.62147000024038,
              32.103802999808636
            ],
            [
              47.66411099982281,
              32.04854200011329
            ],
            [
              47.83881389944196,
              32.13746990031569
            ],
            [
              47.98502349953492,
              32.26389349988517
            ],
            [
              47.976047600016784,
              32.33356370000479
            ],
            [
              48.035453899677805,
              32.35396949979264
            ],
            [
              48.01569749944008,
              32.52423839998221
            ],
            [
              47.94257730030222,
              32.51701050013452
            ],
            [
              47.944046000222784,
              32.56157200014775
            ],
            [
              47.900508899965814,
              32.56761590025366
            ],
            [
              47.932857600298064,
              32.58240909950041
            ],
            [
              47.91521840020903,
              32.60278229976336
            ],
            [
              47.98920809987396,
              32.61283520038427
            ],
            [
              47.91027759953164,
              32.72128640014728
            ],
            [
              47.93944360004218,
              32.76239719967106
            ],
            [
              48.010002399591144,
              32.779345400270074
            ],
            [
              47.995279299799904,
              32.8418460998177
            ],
            [
              47.80971469967369,
              32.9718481998346
            ],
            [
              47.592203899790206,
              33.04518180000014
            ],
            [
              47.39969569979678,
              33.19768839999972
            ],
            [
              47.232464900135085,
              33.24796890024459
            ],
            [
              47.151351999695066,
              33.33852510035314
            ],
            [
              47.010233399651725,
              33.38408209950933
            ],
            [
              47.0235664002692,
              33.424077399752264
            ],
            [
              46.839391799492034,
              33.561583299929396
            ],
            [
              46.86439149996778,
              33.57769809968761
            ],
            [
              46.845781599541226,
              33.61047780011046
            ],
            [
              46.88467140006509,
              33.62019170038673
            ],
            [
              47.038012999900104,
              33.584640900057536
            ],
            [
              47.02245619979385,
              33.62825379967319
            ],
            [
              47.06801140030592,
              33.7099169997698
            ],
            [
              47.15579379984405,
              33.7029750996212
            ],
            [
              47.258022200064545,
              33.74602679979705
            ],
            [
              47.41136050028689,
              33.73714430026928
            ],
            [
              47.45747319952858,
              33.80520039987863
            ],
            [
              47.51386570014199,
              33.828255599716215
            ],
            [
              47.47997549976958,
              33.94214599993802
            ]
          ]
        ]
      }
    },
    {
      "type": "Feature",
      "properties": {
        "id": "lorestan",
        "name": "لرستان"
      },
      "geometry": {
        "type": "Polygon",
        "coordinates": [
          [
            [
              47.96914660013556,
              32.6582799002972
            ],
            [
              48.088115599655225,
              32.689384199721076
            ],
            [
              48.04902660019752,
              32.805785199527406
            ],
            [
              48.12882229960951,
              32.870469300118145
            ],
            [
              48.134117200248625,
              32.918323100330895
            ],
            [
              48.179687499478575,
              32.90094069985349
            ],
            [
              48.27969739991511,
              32.99712810028166
            ],
            [
              48.389679000285696,
              32.96545379975311
            ],
            [
              48.632473000228856,
              32.97472459956066
            ],
            [
              48.70931639983206,
              32.93645899958324
            ],
            [
              48.718580999713424,
              32.8960203002967
            ],
            [
              48.768688199700705,
              32.92298599970417
            ],
            [
              48.76830300028331,
              32.967835100209754
            ],
            [
              48.89987559987907,
              32.88494070035307
            ],
            [
              49.00610350017644,
              32.915382999825624
            ],
            [
              49.2179906999109,
              32.85216579961201
            ],
            [
              49.367164499642,
              32.84455149975196
            ],
            [
              49.51553330002184,
              32.72518120025222
            ],
            [
              49.57396199974653,
              32.73740710035747
            ],
            [
              49.590631799917674,
              32.789072999919085
            ],
            [
              49.66007729992748,
              32.77934850023314
            ],
            [
              49.74535939981649,
              32.82518149952665
            ],
            [
              49.747302699859745,
              32.857957699788074
            ],
            [
              49.637300599443165,
              32.97463280036351
            ],
            [
              49.70785629992838,
              32.98240699968335
            ],
            [
              49.65507709992829,
              33.00740839987782
            ],
            [
              49.66896669995327,
              33.0501881001008
            ],
            [
              49.7220260000999,
              33.08435379968813
            ],
            [
              49.83730799956459,
              33.04990840015262
            ],
            [
              49.91481020023059,
              33.06574540023007
            ],
            [
              49.87147709948863,
              33.191301000241026
            ],
            [
              49.94703590028661,
              33.229916899645275
            ],
            [
              50.019814799513426,
              33.36408129951241
            ],
            [
              49.79647079988757,
              33.44659049995164
            ],
            [
              49.77091419963068,
              33.517695699696844
            ],
            [
              49.60340620013608,
              33.64103339977163
            ],
            [
              49.59729629968456,
              33.67298189999474
            ],
            [
              49.633128999703615,
              33.69686870023037
            ],
            [
              49.61896210002095,
              33.742420700055334
            ],
            [
              49.52838010016154,
              33.68796259979422
            ],
            [
              49.43589809991744,
              33.69964890037653
            ],
            [
              49.41006499950021,
              33.75048180019496
            ],
            [
              49.36061909979168,
              33.73825869967931
            ],
            [
              49.382008699442,
              33.69464749978232
            ],
            [
              49.35144920032042,
              33.652976499965575
            ],
            [
              49.29644999956787,
              33.65020490003616
            ],
            [
              49.284226899951534,
              33.604091600047354
            ],
            [
              49.21561110007224,
              33.61297480014696
            ],
            [
              49.195054599989874,
              33.6863148997129
            ],
            [
              49.14171869985819,
              33.72159389973871
            ],
            [
              49.01671350022792,
              33.69908839970992
            ],
            [
              48.975877100048194,
              33.83965069981997
            ],
            [
              49.01226629965004,
              33.90604289985998
            ],
            [
              48.95615380025771,
              33.92242620030896
            ],
            [
              48.96865319948563,
              33.959651700165864
            ],
            [
              49.07757240014621,
              34.014709999866625
            ],
            [
              48.9483770000985,
              34.00270739962684
            ],
            [
              48.91615029999639,
              34.028540400219356
            ],
            [
              48.85170469961224,
              34.00270729980207
            ],
            [
              48.71753280029856,
              34.123547499817334
            ],
            [
              48.70947649984066,
              34.09187589995287
            ],
            [
              48.617250800084435,
              34.09604560032426
            ],
            [
              48.58585809977154,
              34.06354309973432
            ],
            [
              48.52696839947214,
              34.1071562997235
            ],
            [
              48.483076100281835,
              34.01020730032673
            ],
            [
              48.35223789965937,
              34.00687650015044
            ],
            [
              48.304734999620564,
              34.021318300099495
            ],
            [
              48.304458199986016,
              34.0566014999593
            ],
            [
              48.24056559992255,
              34.04910060011264
            ],
            [
              48.17722979981545,
              34.08604399973086
            ],
            [
              48.05389099986979,
              34.21271869990812
            ],
            [
              47.900272899874494,
              34.23854870036229
            ],
            [
              47.82804659987073,
              34.323825899845474
            ],
            [
              47.700261299919134,
              34.3782713997054
            ],
            [
              47.694428399650974,
              34.27604759951714
            ],
            [
              47.56497720003779,
              34.18214839992879
            ],
            [
              47.48830800001423,
              34.18298759959811
            ],
            [
              47.486918499789,
              34.11326449955703
            ],
            [
              47.426639199439535,
              34.084372499990934
            ],
            [
              47.49858509982255,
              33.975760800020964
            ],
            [
              47.47997549976958,
              33.94214599993802
            ],
            [
              47.51108909998203,
              33.82492459989044
            ],
            [
              47.45747319952858,
              33.80520039987863
            ],
            [
              47.408027600193634,
              33.7352035003413
            ],
            [
              47.258022200064545,
              33.74602679979705
            ],
            [
              47.15579379984405,
              33.7029750996212
            ],
            [
              47.06801140030592,
              33.7099169997698
            ],
            [
              47.02245619979385,
              33.62825379967319
            ],
            [
              47.038012999900104,
              33.584640900057536
            ],
            [
              46.88467140006509,
              33.62019170038673
            ],
            [
              46.845781599541226,
              33.61047780011046
            ],
            [
              46.86439149996778,
              33.57769809968761
            ],
            [
              46.839391799492034,
              33.561583299929396
            ],
            [
              47.0235664002692,
              33.424077399752264
            ],
            [
              47.010233399651725,
              33.38408209950933
            ],
            [
              47.151351999695066,
              33.33852510035314
            ],
            [
              47.232464900135085,
              33.24796890024459
            ],
            [
              47.39969569979678,
              33.19768839999972
            ],
            [
              47.592203899790206,
              33.04518180000014
            ],
            [
              47.93444309966935,
              32.89990409989434
            ],
            [
              48.01250249959071,
              32.79046050005206
            ],
            [
              47.91055409969198,
              32.723507599696006
            ],
            [
              47.96914660013556,
              32.6582799002972
            ]
          ]
        ]
      }
    },
    {
      "type": "Feature",
      "properties": {
        "id": "markazi",
        "name": "مرکزی"
      },
      "geometry": {
        "type": "Polygon",
        "coordinates": [
          [
            [
              49.947868800205015,
              33.38741959963488
            ],
            [
              49.99036840028151,
              33.419921399652935
            ],
            [
              49.983701600048846,
              33.492417599692544
            ],
            [
              50.1917691002638,
              33.531039699922246
            ],
            [
              50.232881499681525,
              33.60270279949464
            ],
            [
              50.273161299554374,
              33.58242650028279
            ],
            [
              50.45372529948304,
              33.63465210011441
            ],
            [
              50.574283599808325,
              33.63076140001863
            ],
            [
              50.70401169978015,
              33.727148100104785
            ],
            [
              50.892632799664,
              33.70715269963745
            ],
            [
              51.04958400030142,
              33.820209600092994
            ],
            [
              51.048750599460675,
              33.93660110036052
            ],
            [
              51.02003619981082,
              33.98183509990997
            ],
            [
              51.050454099776914,
              34.03837150014465
            ],
            [
              50.88485549948177,
              34.191333200267024
            ],
            [
              50.79623989965171,
              34.23605369951866
            ],
            [
              50.727623999947696,
              34.21521419987545
            ],
            [
              50.64567489997671,
              34.25605339964471
            ],
            [
              50.51706020026808,
              34.18993390012946
            ],
            [
              50.442054499615494,
              34.20105309992067
            ],
            [
              50.33510520004501,
              34.44216880034992
            ],
            [
              50.14815419965663,
              34.473283600258014
            ],
            [
              50.157040599544075,
              34.50911749997272
            ],
            [
              50.086204600162205,
              34.583562100110896
            ],
            [
              50.12204049996916,
              34.755511200081855
            ],
            [
              50.167319800168684,
              34.82134579976889
            ],
            [
              50.40927380004587,
              34.75190270004964
            ],
            [
              50.48927909995058,
              34.860230199863906
            ],
            [
              50.705123000126434,
              34.86828679979601
            ],
            [
              50.65178689944588,
              35.01384269978081
            ],
            [
              50.88707369979147,
              35.22051559971521
            ],
            [
              50.96624590012823,
              35.42969529959845
            ],
            [
              50.94040929954957,
              35.45913690004795
            ],
            [
              50.62594939954522,
              35.54747470019731
            ],
            [
              50.36204929953561,
              35.570808699761756
            ],
            [
              50.043146600235445,
              35.50552839991576
            ],
            [
              49.88035829949598,
              35.546914599729064
            ],
            [
              49.796746099453,
              35.51357999961732
            ],
            [
              49.67951739960836,
              35.532190300242235
            ],
            [
              49.68229420031713,
              35.447196299969335
            ],
            [
              49.62284849955864,
              35.4488554996816
            ],
            [
              49.550899400287165,
              35.403578499947855
            ],
            [
              49.43228389998205,
              35.41941309973481
            ],
            [
              49.39533800024856,
              35.38635420028618
            ],
            [
              49.35089200016574,
              35.279686400207254
            ],
            [
              49.37033509998491,
              35.234961999696566
            ],
            [
              49.46617389980571,
              35.1791241001971
            ],
            [
              49.447284599804505,
              35.09190299992355
            ],
            [
              49.411171899463625,
              35.03411909971675
            ],
            [
              49.30644619973236,
              35.08495739996408
            ],
            [
              49.25977700000857,
              35.04218310017001
            ],
            [
              49.28894329999338,
              35.00606479975073
            ],
            [
              49.414228400120635,
              35.001626899961536
            ],
            [
              49.38978229981336,
              34.917451799860714
            ],
            [
              49.30366659943405,
              34.91190349994662
            ],
            [
              49.21171789986124,
              34.8421757998733
            ],
            [
              49.16810519989514,
              34.86606520004898
            ],
            [
              49.10310309992815,
              34.75356060024154
            ],
            [
              49.13477279952514,
              34.61355410004171
            ],
            [
              49.081156899971006,
              34.58467040031877
            ],
            [
              49.06004700026892,
              34.63494779970125
            ],
            [
              49.001154499480606,
              34.59744729975313
            ],
            [
              49.05476749962048,
              34.50521740016296
            ],
            [
              48.9500427001106,
              34.388552999721185
            ],
            [
              49.00726499977998,
              34.38438369954815
            ],
            [
              49.020878400018205,
              34.30965940036111
            ],
            [
              49.121717300013415,
              34.24882189981088
            ],
            [
              49.09393800013862,
              34.16271970005414
            ],
            [
              49.17533039997801,
              34.11159829952197
            ],
            [
              49.04171250013184,
              33.976314599838986
            ],
            [
              48.96198669962655,
              33.94993009989423
            ],
            [
              48.959487099650005,
              33.90798350013847
            ],
            [
              49.01226629965004,
              33.90604289985998
            ],
            [
              48.975877100048194,
              33.83965069981997
            ],
            [
              49.01671350022792,
              33.69908839970992
            ],
            [
              49.14171869985819,
              33.72159389973871
            ],
            [
              49.195054599989874,
              33.6863148997129
            ],
            [
              49.21561110007224,
              33.61297480014696
            ],
            [
              49.284226899951534,
              33.604091600047354
            ],
            [
              49.29644999956787,
              33.65020490003616
            ],
            [
              49.35144920032042,
              33.652976499965575
            ],
            [
              49.382008699442,
              33.69464749978232
            ],
            [
              49.36061909979168,
              33.73825869967931
            ],
            [
              49.41006499950021,
              33.75048180019496
            ],
            [
              49.43589809991744,
              33.69964890037653
            ],
            [
              49.52838010016154,
              33.68796259979422
            ],
            [
              49.61896210002095,
              33.742420700055334
            ],
            [
              49.633128999703615,
              33.69686870023037
            ],
            [
              49.595629499801646,
              33.65659699965187
            ],
            [
              49.65146559975767,
              33.58630750029096
            ],
            [
              49.7623042000788,
              33.526308499737524
            ],
            [
              49.80675070018469,
              33.43797760008624
            ],
            [
              49.947868800205015,
              33.38741959963488
            ]
          ]
        ]
      }
    },
    {
      "type": "Feature",
      "properties": {
        "id": "chaharmahal-bakhtiari",
        "name": "چهارمحال و بختیاری"
      },
      "geometry": {
        "type": "Polygon",
        "coordinates": [
          [
            [
              49.51553330002184,
              32.72518120025222
            ],
            [
              49.50007719970307,
              32.703093199691466
            ],
            [
              49.586849299955304,
              32.609227200375074
            ],
            [
              49.91151819950534,
              32.316082400182665
            ],
            [
              49.934612400242145,
              32.19077339967271
            ],
            [
              50.000270099685395,
              32.11254269958596
            ],
            [
              50.23962019981241,
              31.940171599939447
            ],
            [
              50.446403599446626,
              31.646510999882764
            ],
            [
              50.457542300137106,
              31.614155800150115
            ],
            [
              50.39237979978799,
              31.60139150021763
            ],
            [
              50.35841359950808,
              31.555018500303618
            ],
            [
              50.37564839965398,
              31.541829900229743
            ],
            [
              50.29324149979544,
              31.481570599903307
            ],
            [
              50.3542804997453,
              31.424868999604712
            ],
            [
              50.445392800137654,
              31.42070729960227
            ],
            [
              50.500395399428214,
              31.452648199654732
            ],
            [
              50.574844099575614,
              31.40876359956053
            ],
            [
              50.63956989993102,
              31.427650000147423
            ],
            [
              50.78929820005192,
              31.314316200232497
            ],
            [
              50.92458909970725,
              31.2984820995693
            ],
            [
              51.03097650016542,
              31.181811299551896
            ],
            [
              51.148760099698904,
              31.150146500360734
            ],
            [
              51.18042570018599,
              31.209868999854507
            ],
            [
              51.22376269948904,
              31.22376040032225
            ],
            [
              51.32987619972687,
              31.19598649997704
            ],
            [
              51.337100499588416,
              31.296532399950365
            ],
            [
              51.2932111996372,
              31.365701999647627
            ],
            [
              51.31404410005524,
              31.39348040020036
            ],
            [
              51.25959799944815,
              31.46071110023712
            ],
            [
              51.296544099730454,
              31.515710099541536
            ],
            [
              51.30543380012983,
              31.66182459992541
            ],
            [
              51.36904630004676,
              31.712655499651646
            ],
            [
              51.28543050001764,
              31.802102699879754
            ],
            [
              51.41210549966911,
              31.861828699534897
            ],
            [
              51.429324999649054,
              31.9998913996684
            ],
            [
              51.345712599956585,
              32.13961810009528
            ],
            [
              51.233760799921015,
              32.17433560030776
            ],
            [
              51.14431189997424,
              32.287671900337955
            ],
            [
              50.97319400020302,
              32.38823220025591
            ],
            [
              51.007916599571445,
              32.524062099586274
            ],
            [
              50.88735799977195,
              32.696289199786804
            ],
            [
              50.651846299667056,
              32.71051449964449
            ],
            [
              50.56501599978861,
              32.67233130004951
            ],
            [
              50.527062700183535,
              32.71795929978191
            ],
            [
              50.45817049996867,
              32.66073080018634
            ],
            [
              50.51761619982784,
              32.631566000270766
            ],
            [
              50.49122679947726,
              32.591285599650746
            ],
            [
              50.322052400298105,
              32.53683790004908
            ],
            [
              50.15371109978747,
              32.66379149977797
            ],
            [
              49.98231679968063,
              32.63461720032359
            ],
            [
              49.72980319955809,
              32.80907310024344
            ],
            [
              49.590631799917674,
              32.789072999919085
            ],
            [
              49.57757540018463,
              32.74017920030991
            ],
            [
              49.51553330002184,
              32.72518120025222
            ]
          ]
        ]
      }
    },
    {
      "type": "Feature",
      "properties": {
        "id": "kermanshah",
        "name": "کرمانشاه"
      },
      "geometry": {
        "type": "Polygon",
        "coordinates": [
          [
            [
              47.47997549976958,
              33.94214599993802
            ],
            [
              47.49858509982255,
              33.975760800020964
            ],
            [
              47.42358300005549,
              34.06465070026968
            ],
            [
              47.43191589959912,
              34.096313699917346
            ],
            [
              47.486918499789,
              34.11326449955703
            ],
            [
              47.48830800001423,
              34.18298759959811
            ],
            [
              47.56497720003779,
              34.18214839992879
            ],
            [
              47.694428399650974,
              34.27604759951714
            ],
            [
              47.69526159994291,
              34.375491800306406
            ],
            [
              47.82804659987073,
              34.323825899845474
            ],
            [
              47.886659299986775,
              34.2552091997448
            ],
            [
              47.99362870030433,
              34.36466099960552
            ],
            [
              47.989441000002216,
              34.40104979990838
            ],
            [
              48.04777700030837,
              34.390771100206166
            ],
            [
              48.10500289996389,
              34.46744130027582
            ],
            [
              48.08638929972648,
              34.57438170015541
            ],
            [
              48.046666499459434,
              34.622999100328286
            ],
            [
              47.99944020030506,
              34.5866082001084
            ],
            [
              47.865544999901886,
              34.63327610031183
            ],
            [
              47.865268300092055,
              34.72244869974776
            ],
            [
              47.801651700165905,
              34.84272320011564
            ],
            [
              47.907490499786775,
              34.88689339971069
            ],
            [
              47.92777009951055,
              34.928842799955305
            ],
            [
              47.8399877997972,
              34.9388380000737
            ],
            [
              47.80304140004063,
              35.01495619986878
            ],
            [
              47.728592000220715,
              35.06217809953972
            ],
            [
              47.36079999972026,
              35.05273300032775
            ],
            [
              47.3549664996043,
              35.01800410030904
            ],
            [
              47.308297499530056,
              35.00634029986497
            ],
            [
              47.326630899796214,
              34.93856619977038
            ],
            [
              47.214125600316265,
              34.937167600204646
            ],
            [
              47.173289499610746,
              34.9724487999722
            ],
            [
              47.17328959943552,
              34.90328359975837
            ],
            [
              47.08106360020503,
              34.89077970032298
            ],
            [
              47.0721744996535,
              34.851057599728506
            ],
            [
              47.125233499426486,
              34.80355740035378
            ],
            [
              47.06717460002784,
              34.79245109953865
            ],
            [
              47.08856429950288,
              34.7577245998105
            ],
            [
              46.78299479957042,
              34.73939019949813
            ],
            [
              46.73549200025565,
              34.787442900069834
            ],
            [
              46.74354829981422,
              34.83995079978962
            ],
            [
              46.55622309961643,
              34.92190120018029
            ],
            [
              46.49964709953406,
              35.036340599639004
            ],
            [
              46.15790959994814,
              35.283279799723005
            ],
            [
              46.10840299959881,
              35.24112899990348
            ],
            [
              46.201246999449495,
              35.20122899991844
            ],
            [
              46.154757999582046,
              35.159000999596515
            ],
            [
              46.19129099987981,
              35.11088800038095
            ],
            [
              46.07191899976209,
              35.08313100009565
            ],
            [
              46.05942600010985,
              35.03795299953134
            ],
            [
              45.92198699960039,
              35.09548899981752
            ],
            [
              45.930795000189164,
              35.04534699966433
            ],
            [
              45.87652499942925,
              35.031513000224834
            ],
            [
              45.89731200024869,
              34.959991999831004
            ],
            [
              45.865039999496446,
              34.89632800023708
            ],
            [
              45.78843100009061,
              34.912296000060394
            ],
            [
              45.7920739999152,
              34.85302599985005
            ],
            [
              45.6895380000787,
              34.81516100018007
            ],
            [
              45.69875999997407,
              34.77001999952341
            ],
            [
              45.65325899980303,
              34.72311000002651
            ],
            [
              45.70262500014371,
              34.69377199967812
            ],
            [
              45.74320409978941,
              34.5380347003412
            ],
            [
              45.59468700030487,
              34.54988880002816
            ],
            [
              45.53146260011897,
              34.601898200141875
            ],
            [
              45.52125499991837,
              34.48098200021917
            ],
            [
              45.439813999816295,
              34.45893199961216
            ],
            [
              45.496178000014766,
              34.336867000311884
            ],
            [
              45.538074999461685,
              34.35210699983821
            ],
            [
              45.5835660000709,
              34.3026629994979
            ],
            [
              45.55487399983525,
              34.19511599970366
            ],
            [
              45.58159399996316,
              34.14612999979971
            ],
            [
              45.47351599996347,
              34.07560799960953
            ],
            [
              45.46684800003521,
              34.00982200018524
            ],
            [
              45.40766100005516,
              33.97725500021812
            ],
            [
              45.43154499980193,
              33.945555999809585
            ],
            [
              45.51158500004777,
              33.94557399974036
            ],
            [
              45.688797000081536,
              33.69091600037319
            ],
            [
              45.77017540017465,
              33.70408160028569
            ],
            [
              45.85962349972476,
              33.84325380032266
            ],
            [
              45.96934819975968,
              33.858807499566524
            ],
            [
              45.853790200157675,
              33.9265889003575
            ],
            [
              45.86739949948736,
              33.98908830038482
            ],
            [
              45.98323779978466,
              33.97241679959569
            ],
            [
              46.054910200145684,
              34.037704099764426
            ],
            [
              46.27825409994682,
              33.950763300186225
            ],
            [
              46.29853080025629,
              33.995480099626946
            ],
            [
              46.35575639953828,
              33.970486299603124
            ],
            [
              46.620769999635854,
              33.83131339989353
            ],
            [
              46.725219299930814,
              33.74186380027419
            ],
            [
              46.76271829980976,
              33.771310800253275
            ],
            [
              46.85966739993063,
              33.73353199970205
            ],
            [
              46.920227099900785,
              33.76853079975666
            ],
            [
              46.97467590027264,
              33.74186449994676
            ],
            [
              46.99717530020001,
              33.81159039957731
            ],
            [
              47.10634759976199,
              33.84047710033798
            ],
            [
              47.295245399455666,
              33.78853600013633
            ],
            [
              47.38663689977318,
              33.861311800299404
            ],
            [
              47.318024299681724,
              33.96048749949853
            ],
            [
              47.391360200313045,
              33.930483499913635
            ],
            [
              47.47997549976958,
              33.94214599993802
            ]
          ]
        ]
      }
    },
    {
      "type": "Feature",
      "properties": {
        "id": "hamedan",
        "name": "همدان"
      },
      "geometry": {
        "type": "Polygon",
        "coordinates": [
          [
            [
              49.07757240014621,
              34.014709999866625
            ],
            [
              49.17533039997801,
              34.11159829952197
            ],
            [
              49.09393800013862,
              34.16271970005414
            ],
            [
              49.121717300013415,
              34.24882189981088
            ],
            [
              49.020878400018205,
              34.30965940036111
            ],
            [
              49.00726499977998,
              34.38438369954815
            ],
            [
              48.951152399663556,
              34.3991025995054
            ],
            [
              49.00365499967853,
              34.423829399807005
            ],
            [
              49.003654899853814,
              34.46578269951203
            ],
            [
              49.05476749962048,
              34.50521740016296
            ],
            [
              49.001154499480606,
              34.59744729975313
            ],
            [
              49.06004700026892,
              34.63494779970125
            ],
            [
              49.081156899971006,
              34.58467040031877
            ],
            [
              49.13477279952514,
              34.61355410004171
            ],
            [
              49.10310309992815,
              34.75356060024154
            ],
            [
              49.163105199545384,
              34.8607874998433
            ],
            [
              49.21171789986124,
              34.8421757998733
            ],
            [
              49.30366659943405,
              34.91190349994662
            ],
            [
              49.38978229981336,
              34.917451799860714
            ],
            [
              49.414228400120635,
              35.001626899961536
            ],
            [
              49.28894329999338,
              35.00606479975073
            ],
            [
              49.25977700000857,
              35.04218310017001
            ],
            [
              49.30644619973236,
              35.08495739996408
            ],
            [
              49.411171899463625,
              35.03411909971675
            ],
            [
              49.44534139958597,
              35.08717660031988
            ],
            [
              49.46617389980571,
              35.1791241001971
            ],
            [
              49.37033509998491,
              35.234961999696566
            ],
            [
              49.3506119000192,
              35.28135479998406
            ],
            [
              49.428394000282935,
              35.42663629972549
            ],
            [
              49.16088040001051,
              35.49330009952001
            ],
            [
              49.12727060015811,
              35.56885929961703
            ],
            [
              48.77975060011016,
              35.73358240000783
            ],
            [
              48.72752810024167,
              35.70191259968675
            ],
            [
              48.77003099993078,
              35.67858129988713
            ],
            [
              48.77503139957946,
              35.60136190003169
            ],
            [
              48.71030550029866,
              35.55107829982376
            ],
            [
              48.66391260018639,
              35.59886420032262
            ],
            [
              48.49612780015792,
              35.59886399977381
            ],
            [
              48.48362780018289,
              35.6452503995863
            ],
            [
              48.391678900061265,
              35.643023400309744
            ],
            [
              48.251670299944465,
              35.72024819969471
            ],
            [
              48.04916269999865,
              35.63913690004796
            ],
            [
              47.97415750026846,
              35.57413149956909
            ],
            [
              47.88915489977887,
              35.58440979997232
            ],
            [
              47.86582209991002,
              35.55052640027321
            ],
            [
              47.940548499913405,
              35.39607259987065
            ],
            [
              48.03416419991794,
              35.363022299739384
            ],
            [
              48.09583389981469,
              35.228294399966614
            ],
            [
              48.13972300011642,
              35.22217960000859
            ],
            [
              48.18111279991581,
              35.16523159985849
            ],
            [
              48.1525033997122,
              35.11801339999846
            ],
            [
              48.19222619997919,
              35.0927394998281
            ],
            [
              48.14389069949624,
              34.97078219973878
            ],
            [
              47.952769599437545,
              34.97051119983206
            ],
            [
              47.91027050028339,
              34.88911269989126
            ],
            [
              47.801651700165905,
              34.84272320011564
            ],
            [
              47.865268300092055,
              34.72244869974776
            ],
            [
              47.865544999901886,
              34.63327610031183
            ],
            [
              47.99944020030506,
              34.5866082001084
            ],
            [
              48.046666499459434,
              34.622999100328286
            ],
            [
              48.10138939970108,
              34.52966990004592
            ],
            [
              48.085833199442675,
              34.41826849949172
            ],
            [
              48.04444379984153,
              34.389661100279625
            ],
            [
              47.98971299995503,
              34.40130689989354
            ],
            [
              47.99362870030433,
              34.36466099960552
            ],
            [
              47.889992999577316,
              34.25020930011914
            ],
            [
              48.05389099986979,
              34.21271869990812
            ],
            [
              48.18695309980575,
              34.07965359983382
            ],
            [
              48.304458199986016,
              34.0566014999593
            ],
            [
              48.304734999620564,
              34.021318300099495
            ],
            [
              48.37918409996627,
              34.001316299507664
            ],
            [
              48.483076100281835,
              34.01020730032673
            ],
            [
              48.52696839947214,
              34.1071562997235
            ],
            [
              48.58585809977154,
              34.06354309973432
            ],
            [
              48.617250800084435,
              34.09604560032426
            ],
            [
              48.70947649984066,
              34.09187589995287
            ],
            [
              48.71753280029856,
              34.123547499817334
            ],
            [
              48.85170469961224,
              34.00270729980207
            ],
            [
              48.91615029999639,
              34.028540400219356
            ],
            [
              48.9483770000985,
              34.00270739962684
            ],
            [
              49.07757240014621,
              34.014709999866625
            ]
          ]
        ]
      }
    },
    {
      "type": "Feature",
      "properties": {
        "id": "qazvin",
        "name": "قزوین"
      },
      "geometry": {
        "type": "Polygon",
        "coordinates": [
          [
            [
              50.35982359977936,
              36.641665899561644
            ],
            [
              50.201205600158346,
              36.67805589956015
            ],
            [
              50.05815390018239,
              36.60406159986297
            ],
            [
              49.787661300128946,
              36.55938290020072
            ],
            [
              49.484227000275894,
              36.60805549986151
            ],
            [
              49.280605199670276,
              36.815557799552835
            ],
            [
              49.18914869995257,
              36.76075390007247
            ],
            [
              49.10836569961742,
              36.778068700310314
            ],
            [
              48.971979199980126,
              36.55332419995193
            ],
            [
              49.10976499975499,
              36.43360140038436
            ],
            [
              49.33699930017764,
              36.3894352000745
            ],
            [
              49.370888899802935,
              36.33859989996546
            ],
            [
              49.42450170029326,
              36.3272128002306
            ],
            [
              49.39116879990024,
              36.268039700172096
            ],
            [
              49.43367190013811,
              36.19304049981929
            ],
            [
              49.41283570010751,
              36.07387000000057
            ],
            [
              49.30199729943587,
              35.975818199750165
            ],
            [
              49.20893829956293,
              35.98220789997464
            ],
            [
              49.1517125995569,
              35.92997879998171
            ],
            [
              49.07171010014105,
              35.92386779965926
            ],
            [
              49.05532049994116,
              35.87831469996348
            ],
            [
              48.93420179967336,
              35.93053729965669
            ],
            [
              48.90281180002461,
              35.98220739995162
            ],
            [
              48.784473700101216,
              35.88414589961366
            ],
            [
              48.73280469967722,
              35.729976400090834
            ],
            [
              48.883922900221705,
              35.699415700374345
            ],
            [
              49.047541299491456,
              35.61719439990168
            ],
            [
              49.13393710001719,
              35.56274620027699
            ],
            [
              49.16088040001051,
              35.49330009952001
            ],
            [
              49.505534699566795,
              35.40305789950253
            ],
            [
              49.68229420031713,
              35.447196299969335
            ],
            [
              49.687573899715744,
              35.5341378999442
            ],
            [
              49.79285609992911,
              35.5133095995584
            ],
            [
              49.88035829949598,
              35.546914599729064
            ],
            [
              50.004253500099026,
              35.50358069948976
            ],
            [
              50.22898759979796,
              35.540522500113354
            ],
            [
              50.16342819985158,
              35.61413990023624
            ],
            [
              50.243710699589144,
              35.64775079995951
            ],
            [
              50.2504030000984,
              35.80693800028854
            ],
            [
              50.37316180027693,
              35.89830849963761
            ],
            [
              50.42594110010174,
              36.00164959954941
            ],
            [
              50.54733629963056,
              36.01831350016795
            ],
            [
              50.577612200242925,
              36.08248669950166
            ],
            [
              50.67817450025302,
              36.115261200044415
            ],
            [
              50.43206360005513,
              36.24524509958172
            ],
            [
              50.41349779968374,
              36.309040799493346
            ],
            [
              50.49594280022012,
              36.34221419972556
            ],
            [
              50.8479126997114,
              36.294016100362796
            ],
            [
              50.85651539946616,
              36.34554790021548
            ],
            [
              50.787346100142486,
              36.437495300267926
            ],
            [
              50.35982359977936,
              36.641665899561644
            ]
          ]
        ]
      }
    },
    {
      "type": "Feature",
      "properties": {
        "id": "gilan",
        "name": "گیلان"
      },
      "geometry": {
        "type": "Polygon",
        "coordinates": [
          [
            [
              50.59266989999594,
              36.9658360000314
            ],
            [
              50.31022769944883,
              37.1414296997209
            ],
            [
              50.19886670003825,
              37.379372799714986
            ],
            [
              49.95729970002117,
              37.43144639973161
            ],
            [
              49.917884699919,
              37.47675280010168
            ],
            [
              49.84189809971758,
              37.44566170002747
            ],
            [
              49.46683570010754,
              37.465783199834846
            ],
            [
              49.09697159955971,
              37.63876050009708
            ],
            [
              49.000916199822825,
              37.73440589981249
            ],
            [
              48.93230419957922,
              37.90326860026573
            ],
            [
              48.882290100108094,
              38.441787299944
            ],
            [
              48.79132359960448,
              38.45174769989649
            ],
            [
              48.66227150022962,
              38.392955100297684
            ],
            [
              48.60187820001897,
              38.41736009978882
            ],
            [
              48.58182639946881,
              38.46033830017245
            ],
            [
              48.57390159967912,
              38.361706500154924
            ],
            [
              48.67168419956619,
              38.28976279951365
            ],
            [
              48.690017699657176,
              38.22225620006361
            ],
            [
              48.57084639944185,
              37.90197679968958
            ],
            [
              48.59195969948058,
              37.8030770997284
            ],
            [
              48.6541827000716,
              37.778911599590685
            ],
            [
              48.63946299971769,
              37.72169430015191
            ],
            [
              48.59807000013046,
              37.70141859988854
            ],
            [
              48.61223689981313,
              37.65197239980648
            ],
            [
              48.680019799774016,
              37.59280089964187
            ],
            [
              48.71529939964762,
              37.47418889949819
            ],
            [
              48.90475489951905,
              37.31445849966008
            ],
            [
              48.89530849988739,
              37.22556240038455
            ],
            [
              48.931978199834134,
              37.150288699963596
            ],
            [
              49.214492599753726,
              36.9008328001936
            ],
            [
              49.475060299693155,
              36.61305379959322
            ],
            [
              49.787661300128946,
              36.55938290020072
            ],
            [
              50.05815390018239,
              36.60406159986297
            ],
            [
              50.201205600158346,
              36.67805589956015
            ],
            [
              50.348714000250936,
              36.63694700030385
            ],
            [
              50.4278828002511,
              36.718055600185835
            ],
            [
              50.432606000066926,
              36.85666790030342
            ],
            [
              50.512888199430904,
              36.87500670009916
            ],
            [
              50.59266989999594,
              36.9658360000314
            ]
          ]
        ]
      }
    },
    {
      "type": "Feature",
      "properties": {
        "id": "zanjan",
        "name": "زنجان"
      },
      "geometry": {
        "type": "Polygon",
        "coordinates": [
          [
            [
              48.73632370007874,
              35.7239575002385
            ],
            [
              48.72558139986177,
              35.760247900320394
            ],
            [
              48.784473700101216,
              35.88414589961366
            ],
            [
              48.89086869983066,
              35.97442959974626
            ],
            [
              49.052263799634716,
              35.878035199664794
            ],
            [
              49.07171010014105,
              35.92386779965926
            ],
            [
              49.1517125995569,
              35.92997879998171
            ],
            [
              49.20893829956293,
              35.98220789997464
            ],
            [
              49.30199729943587,
              35.975818199750165
            ],
            [
              49.39783589960712,
              36.04636609951592
            ],
            [
              49.43367190013811,
              36.19304049981929
            ],
            [
              49.39116879990024,
              36.268039700172096
            ],
            [
              49.42450170029326,
              36.3272128002306
            ],
            [
              49.370888899802935,
              36.33859989996546
            ],
            [
              49.33699930017764,
              36.3894352000745
            ],
            [
              49.10976499975499,
              36.43360140038436
            ],
            [
              48.975592700243,
              36.54610090013648
            ],
            [
              49.10836569961742,
              36.778068700310314
            ],
            [
              49.18914869995257,
              36.76075390007247
            ],
            [
              49.280605199670276,
              36.815557799552835
            ],
            [
              48.92225489984378,
              37.17667369993137
            ],
            [
              48.790026299674025,
              37.13917429985412
            ],
            [
              48.73752350000956,
              37.18556410000326
            ],
            [
              48.577515500140294,
              37.103058700098984
            ],
            [
              48.39223050013754,
              37.25168260037174
            ],
            [
              48.15027329957314,
              37.221124800069504
            ],
            [
              48.0997138997767,
              37.155839499992965
            ],
            [
              47.99933310004258,
              37.112217000114526
            ],
            [
              47.94831860012334,
              37.165288100265684
            ],
            [
              47.85081349954345,
              37.171956000369164
            ],
            [
              47.77886750023498,
              37.13222469971015
            ],
            [
              47.76608769958773,
              37.07639910023835
            ],
            [
              47.66302900028819,
              37.099447799776215
            ],
            [
              47.59885999988916,
              37.03750810001884
            ],
            [
              47.52413390025936,
              37.06722740032433
            ],
            [
              47.49246440031186,
              37.000001199595715
            ],
            [
              47.17411530028096,
              36.79166700003208
            ],
            [
              47.291344799622834,
              36.68637979958811
            ],
            [
              47.355237600235114,
              36.47526680012277
            ],
            [
              47.40329430009194,
              36.41304169961478
            ],
            [
              47.52830280023409,
              36.42498649952739
            ],
            [
              47.941378600242274,
              36.310263800134294
            ],
            [
              47.94693210003646,
              36.22193339960677
            ],
            [
              47.994991999681076,
              36.13970349981673
            ],
            [
              47.90304359958253,
              36.00220390028983
            ],
            [
              47.98221250030667,
              35.97108389960232
            ],
            [
              47.862207399951615,
              35.94135959996561
            ],
            [
              47.867764300082456,
              35.90692069983049
            ],
            [
              47.909710499639914,
              35.88914649981115
            ],
            [
              47.99999240022913,
              35.93303200012673
            ],
            [
              48.051105599843595,
              35.80747280012969
            ],
            [
              48.1716675999798,
              35.78913810034311
            ],
            [
              48.19250099952154,
              35.72914589956366
            ],
            [
              48.391678900061265,
              35.643023400309744
            ],
            [
              48.48362780018289,
              35.6452503995863
            ],
            [
              48.495017999880815,
              35.59997289982954
            ],
            [
              48.53807399971538,
              35.584970199914835
            ],
            [
              48.64335589955516,
              35.60136159965816
            ],
            [
              48.69863890026511,
              35.55302579970095
            ],
            [
              48.75308490014805,
              35.57024710012365
            ],
            [
              48.77003099993078,
              35.67858129988713
            ],
            [
              48.73280490022603,
              35.69164429974467
            ],
            [
              48.73632370007874,
              35.7239575002385
            ]
          ]
        ]
      }
    },
    {
      "type": "Feature",
      "properties": {
        "id": "semnan",
        "name": "سمنان"
      },
      "geometry": {
        "type": "Polygon",
        "coordinates": [
          [
            [
              53.01745139946257,
              35.85359459961114
            ],
            [
              53.156069799681575,
              35.796094299712195
            ],
            [
              52.89911279951616,
              35.64192010033241
            ],
            [
              52.80105399984228,
              35.54941509992699
            ],
            [
              52.69771530022098,
              35.55192159950229
            ],
            [
              52.55520700030286,
              35.41191410015563
            ],
            [
              52.38297909970572,
              35.3380211999185
            ],
            [
              52.257693700104255,
              35.4405263997736
            ],
            [
              52.03518309952045,
              35.4935831998049
            ],
            [
              51.98573689943839,
              35.57552600002492
            ],
            [
              51.929624199497255,
              35.55858429972568
            ],
            [
              51.91240130007998,
              35.414411499491166
            ],
            [
              51.9439291001479,
              35.36130209991205
            ],
            [
              51.87295519962282,
              35.27830069961766
            ],
            [
              52.044630199724,
              35.04968259977221
            ],
            [
              51.834619899488814,
              34.50550089974678
            ],
            [
              52.13963299966326,
              34.40272539965753
            ],
            [
              52.394369799426784,
              34.429392499864036
            ],
            [
              52.56354440005407,
              34.40494560005942
            ],
            [
              52.88050049969837,
              34.24910590031709
            ],
            [
              55.91175289977656,
              34.243275099965956
            ],
            [
              56.453723700188675,
              34.99996089957591
            ],
            [
              56.5367828000862,
              35.04774270006561
            ],
            [
              56.69095770003787,
              35.0624637997646
            ],
            [
              56.85568929992132,
              35.20246849952167
            ],
            [
              57.0002296000161,
              35.21524859964319
            ],
            [
              57.0520871001396,
              35.31496910004398
            ],
            [
              56.99125130020741,
              35.441913999731355
            ],
            [
              57.04764089960787,
              35.535528199666714
            ],
            [
              57.03486429964778,
              35.56413750004566
            ],
            [
              56.72179530011306,
              35.8599842000109
            ],
            [
              56.73123879943108,
              36.08998510013231
            ],
            [
              56.80040799982936,
              36.23860719996236
            ],
            [
              56.698459699755404,
              36.38832990000492
            ],
            [
              56.8167981998771,
              36.461942399722034
            ],
            [
              56.86402449993079,
              36.52083129962483
            ],
            [
              56.86152480012947,
              36.56805279999679
            ],
            [
              56.76929579986131,
              36.615829799905384
            ],
            [
              56.75846280031806,
              36.70389219976528
            ],
            [
              56.59373459987194,
              36.668610999997725
            ],
            [
              56.36122389966329,
              36.68166849960164
            ],
            [
              56.36511049974979,
              36.75305679963162
            ],
            [
              56.22149210008041,
              36.90083619963099
            ],
            [
              56.01453779957984,
              36.83445009969239
            ],
            [
              55.97917840016311,
              36.99624529978081
            ],
            [
              56.014537900303935,
              37.00695709949059
            ],
            [
              56.040097800173385,
              37.10029149965305
            ],
            [
              55.99426160019277,
              37.119181899525074
            ],
            [
              56.06287439993366,
              37.16084859968316
            ],
            [
              56.00870490021106,
              37.23445669991685
            ],
            [
              55.90870269976983,
              37.20557240034606
            ],
            [
              55.90842299982165,
              37.33234049961442
            ],
            [
              55.720081400236495,
              37.271131900117155
            ],
            [
              55.70591499967753,
              37.191957699688146
            ],
            [
              55.621465799706925,
              37.09917579982334
            ],
            [
              55.56368620005816,
              36.929454499525605
            ],
            [
              55.40089779949392,
              36.816957099690455
            ],
            [
              55.01004540017516,
              36.76722099954952
            ],
            [
              54.86531689985509,
              36.629447700351136
            ],
            [
              54.77809130027333,
              36.60027809985445
            ],
            [
              54.70086549994295,
              36.6325006999474
            ],
            [
              54.649472700205024,
              36.618055600385674
            ],
            [
              54.50891099994277,
              36.514726099929646
            ],
            [
              54.15528499980297,
              36.499720599526086
            ],
            [
              53.939160600181594,
              36.437497199636084
            ],
            [
              53.87999129975873,
              36.36721559992003
            ],
            [
              53.95388379979755,
              36.305829000308165
            ],
            [
              53.88082459987544,
              36.215272700374896
            ],
            [
              53.67915020022161,
              36.09832190003573
            ],
            [
              53.370523900157934,
              36.06026620002518
            ],
            [
              53.2246854997361,
              35.96804429990459
            ],
            [
              53.22329560021183,
              35.92831569990966
            ],
            [
              53.06495409985189,
              35.91498530013155
            ],
            [
              53.01745139946257,
              35.85359459961114
            ]
          ]
        ]
      }
    },
    {
      "type": "Feature",
      "properties": {
        "id": "isfahan",
        "name": "اصفهان"
      },
      "geometry": {
        "type": "Polygon",
        "coordinates": [
          [
            [
              49.7317497002885,
              32.80824249989149
            ],
            [
              49.98231679968063,
              32.63461720032359
            ],
            [
              50.15371109978747,
              32.66379149977797
            ],
            [
              50.315385899539706,
              32.53711779964681
            ],
            [
              50.49122679947726,
              32.591285599650746
            ],
            [
              50.51761619982784,
              32.631566000270766
            ],
            [
              50.45817049996867,
              32.66073080018634
            ],
            [
              50.527062700183535,
              32.71795929978191
            ],
            [
              50.56501599978861,
              32.67233130004951
            ],
            [
              50.651846299667056,
              32.71051449964449
            ],
            [
              50.88735799977195,
              32.696289199786804
            ],
            [
              51.007916599571445,
              32.524062099586274
            ],
            [
              50.97319400020302,
              32.38823220025591
            ],
            [
              51.14431189997424,
              32.287671900337955
            ],
            [
              51.233760799921015,
              32.17433560030776
            ],
            [
              51.345712599956585,
              32.13961810009528
            ],
            [
              51.429324999649054,
              31.9998913996684
            ],
            [
              51.41210549966911,
              31.861828699534897
            ],
            [
              51.28543050001764,
              31.802102699879754
            ],
            [
              51.36904630004676,
              31.712655499651646
            ],
            [
              51.30543380012983,
              31.66182459992541
            ],
            [
              51.296544099730454,
              31.515710099541536
            ],
            [
              51.25959799944815,
              31.46071110023712
            ],
            [
              51.30376750027,
              31.42098820014536
            ],
            [
              51.29348769979754,
              31.364040899667827
            ],
            [
              51.337100499588416,
              31.296532399950365
            ],
            [
              51.34210069958766,
              31.0626406999084
            ],
            [
              51.50849860023027,
              30.878477499836777
            ],
            [
              51.78934489984732,
              30.700973499827228
            ],
            [
              51.8585137000473,
              30.800414499929275
            ],
            [
              51.83545750016356,
              30.893478900231116
            ],
            [
              51.967961800097044,
              31.194316699955777
            ],
            [
              51.9365720999225,
              31.413486599726866
            ],
            [
              52.04630039994356,
              31.595709999916608
            ],
            [
              52.130469099569325,
              31.65655259962284
            ],
            [
              52.24742089995465,
              31.661545499825024
            ],
            [
              52.39353889960057,
              31.548212500306704
            ],
            [
              52.754943999466036,
              31.496264600331074
            ],
            [
              52.993840600263525,
              31.495434199628676
            ],
            [
              53.19440779958035,
              31.573212000233696
            ],
            [
              53.19801769985702,
              31.613487600272606
            ],
            [
              53.05301309957491,
              31.745990300312144
            ],
            [
              53.00967699959392,
              31.854606600314412
            ],
            [
              53.05884599984307,
              32.332115900328574
            ],
            [
              53.01523310022742,
              32.51545860033417
            ],
            [
              53.186627399435,
              32.61768089955393
            ],
            [
              53.46247369960162,
              32.69518029973108
            ],
            [
              53.84249199950625,
              32.686015500315136
            ],
            [
              53.941383999472066,
              32.79880120031521
            ],
            [
              54.22417710019306,
              32.89880029989399
            ],
            [
              54.348348800057124,
              33.05296349966585
            ],
            [
              54.55002279951265,
              33.09074969983885
            ],
            [
              54.744753499474484,
              33.065748500193195
            ],
            [
              54.89726159954324,
              33.180198699610344
            ],
            [
              54.991710400014995,
              33.12574570030387
            ],
            [
              55.22255409979192,
              33.32408800026104
            ],
            [
              55.3858953999528,
              33.364363799949444
            ],
            [
              55.49784400020053,
              33.52909189967147
            ],
            [
              55.47867820003893,
              34.251885399891364
            ],
            [
              52.892170400243856,
              34.24855530028691
            ],
            [
              52.56354440005407,
              34.40494560005942
            ],
            [
              52.394369799426784,
              34.429392499864036
            ],
            [
              52.13963299966326,
              34.40272539965753
            ],
            [
              51.80078159989097,
              34.51098399971187
            ],
            [
              51.147365100119316,
              34.439110500149525
            ],
            [
              51.011526900046476,
              34.37216749953052
            ],
            [
              50.994860799686194,
              34.23466399964394
            ],
            [
              50.90818869954887,
              34.151882599602345
            ],
            [
              51.050454099776914,
              34.03837150014465
            ],
            [
              51.02061929954107,
              33.99485189979538
            ],
            [
              51.04986049956244,
              33.90798669992631
            ],
            [
              51.02375109953368,
              33.786042199887675
            ],
            [
              50.892632799664,
              33.70715269963745
            ],
            [
              50.70401169978015,
              33.727148100104785
            ],
            [
              50.574283599808325,
              33.63076140001863
            ],
            [
              50.45372529948304,
              33.63465210011441
            ],
            [
              50.273161299554374,
              33.58242650028279
            ],
            [
              50.235381400031656,
              33.60353339984658
            ],
            [
              50.1917691002638,
              33.531039699922246
            ],
            [
              49.983701600048846,
              33.492417599692544
            ],
            [
              49.99036840028151,
              33.419921399652935
            ],
            [
              49.947868800205015,
              33.38741959963488
            ],
            [
              50.018147999630514,
              33.36853229972593
            ],
            [
              50.0000918999213,
              33.306028299666366
            ],
            [
              49.94703590028661,
              33.229916899645275
            ],
            [
              49.87147709948863,
              33.191301000241026
            ],
            [
              49.92147989987751,
              33.07213790004408
            ],
            [
              49.83730799956459,
              33.04990840015262
            ],
            [
              49.7220260000999,
              33.08435379968813
            ],
            [
              49.65368690003049,
              33.01018939952121
            ],
            [
              49.70785629992838,
              32.98240699968335
            ],
            [
              49.63757719942828,
              32.9774138000069
            ],
            [
              49.74869249955924,
              32.855736500239345
            ],
            [
              49.7317497002885,
              32.80824249989149
            ]
          ]
        ]
      }
    },
    {
      "type": "Feature",
      "properties": {
        "id": "kohgiluyeh-boyer-ahmad",
        "name": "کهگیلویه و بویراحمد"
      },
      "geometry": {
        "type": "Polygon",
        "coordinates": [
          [
            [
              50.29324149979544,
              31.481570599903307
            ],
            [
              50.24792219954992,
              31.418217399713285
            ],
            [
              50.29983170027282,
              31.35847860000746
            ],
            [
              50.246761199969455,
              31.30648900026722
            ],
            [
              50.15270629985588,
              31.251831700172886
            ],
            [
              49.95466999962082,
              31.211404700166838
            ],
            [
              49.98999419957272,
              31.125672500385633
            ],
            [
              49.94751749983283,
              31.074862599829146
            ],
            [
              49.97142999999454,
              31.012925900210178
            ],
            [
              49.886508799841295,
              30.96255019953213
            ],
            [
              49.95114139985577,
              30.929371299945615
            ],
            [
              49.95550529982978,
              30.877363999748866
            ],
            [
              50.033340499664405,
              30.871307699790577
            ],
            [
              50.069747899745835,
              30.82993170008797
            ],
            [
              50.21042249999846,
              30.932263499860653
            ],
            [
              50.25417689984408,
              30.755576300106213
            ],
            [
              50.335441700274316,
              30.708715599645245
            ],
            [
              50.3928410000122,
              30.731307699890465
            ],
            [
              50.42372769947383,
              30.665133699660544
            ],
            [
              50.53390129970529,
              30.599643400022956
            ],
            [
              50.54956620012007,
              30.56305520023733
            ],
            [
              50.506011899429666,
              30.53058160026069
            ],
            [
              50.386459300156616,
              30.523526800121772
            ],
            [
              50.52075939962663,
              30.390424499591006
            ],
            [
              50.513893299736026,
              30.166060599517095
            ],
            [
              50.57706980023113,
              30.12539770014382
            ],
            [
              50.527624199996865,
              30.020396600123036
            ],
            [
              50.569846999539436,
              29.927058199776127
            ],
            [
              50.68679500028907,
              29.995958799658922
            ],
            [
              50.846526099799746,
              29.965675899623136
            ],
            [
              50.95597419984949,
              30.15595539972196
            ],
            [
              51.177927600278565,
              30.206236300165187
            ],
            [
              51.26904280008523,
              30.27957179969883
            ],
            [
              51.238486499852115,
              30.336244799757765
            ],
            [
              51.29487899956621,
              30.38457349956741
            ],
            [
              51.14292769945382,
              30.564022500238252
            ],
            [
              51.17737359991173,
              30.649855700180467
            ],
            [
              51.34960129996006,
              30.562633000012966
            ],
            [
              51.399327399639844,
              30.463737900084084
            ],
            [
              51.574611499621085,
              30.422355199532888
            ],
            [
              51.619337500025665,
              30.443741399745875
            ],
            [
              51.74295259958285,
              30.371517099834364
            ],
            [
              51.82629139942861,
              30.43652260013795
            ],
            [
              51.8335143997698,
              30.519298999948944
            ],
            [
              51.887126899886596,
              30.60096949984262
            ],
            [
              51.37766049943258,
              30.996530399558367
            ],
            [
              51.329877599971326,
              31.102087500038124
            ],
            [
              51.32987619972687,
              31.19598649997704
            ],
            [
              51.22376269948904,
              31.22376040032225
            ],
            [
              51.18042570018599,
              31.209868999854507
            ],
            [
              51.15292119985355,
              31.149866699688516
            ],
            [
              51.04069969943163,
              31.178751099983344
            ],
            [
              50.92458909970725,
              31.2984820995693
            ],
            [
              50.78929820005192,
              31.314316200232497
            ],
            [
              50.63956989993102,
              31.427650000147423
            ],
            [
              50.574844099575614,
              31.40876359956053
            ],
            [
              50.500395399428214,
              31.452648199654732
            ],
            [
              50.37955690003099,
              31.41736690006246
            ],
            [
              50.29324149979544,
              31.481570599903307
            ]
          ]
        ]
      }
    },
    {
      "type": "Feature",
      "properties": {
        "id": "kurdistan",
        "name": "کردستان"
      },
      "geometry": {
        "type": "Polygon",
        "coordinates": [
          [
            [
              47.92235340008938,
              34.93453510021476
            ],
            [
              47.952769599437545,
              34.97051119983206
            ],
            [
              48.0408320001967,
              34.9860633000813
            ],
            [
              48.14389069949624,
              34.97078219973878
            ],
            [
              48.19222619997919,
              35.0927394998281
            ],
            [
              48.1525033997122,
              35.11801339999846
            ],
            [
              48.18139290006235,
              35.161064600151235
            ],
            [
              48.150613599438145,
              35.20987259994058
            ],
            [
              48.09583389981469,
              35.228294399966614
            ],
            [
              48.026660799956005,
              35.37079580028603
            ],
            [
              47.94471489977286,
              35.389679000185765
            ],
            [
              47.86609869989513,
              35.5582985995008
            ],
            [
              47.89248820007043,
              35.585527900092586
            ],
            [
              47.97415750026846,
              35.57413149956909
            ],
            [
              48.04916269999865,
              35.63913690004796
            ],
            [
              48.251670299944465,
              35.72024819969471
            ],
            [
              48.19250099952154,
              35.72914589956366
            ],
            [
              48.1716675999798,
              35.78913810034311
            ],
            [
              48.051105599843595,
              35.80747280012969
            ],
            [
              47.99999240022913,
              35.93303200012673
            ],
            [
              47.909710499639914,
              35.88914649981115
            ],
            [
              47.86081760025212,
              35.915807599741015
            ],
            [
              47.862207399951615,
              35.94135959996561
            ],
            [
              47.98221250030667,
              35.97108389960232
            ],
            [
              47.90304359958253,
              36.00220390028983
            ],
            [
              47.994991999681076,
              36.13970349981673
            ],
            [
              47.934155299527504,
              36.31526379958473
            ],
            [
              47.782203399567265,
              36.37193789951448
            ],
            [
              47.521632699489544,
              36.42610349977673
            ],
            [
              47.41218429996553,
              36.409988000346004
            ],
            [
              47.37135139994723,
              36.438047500192056
            ],
            [
              47.392185000037784,
              36.33443369975549
            ],
            [
              47.34634909953138,
              36.27775669951211
            ],
            [
              47.29856930003325,
              36.24776349988565
            ],
            [
              47.16050779959534,
              36.24331220019792
            ],
            [
              47.080501999667604,
              36.2508172000538
            ],
            [
              47.01799889982942,
              36.31915360035845
            ],
            [
              46.921606900038455,
              36.3227659000263
            ],
            [
              46.89716010005861,
              36.3830429997347
            ],
            [
              46.80298760009771,
              36.42387670014966
            ],
            [
              46.67437250019077,
              36.39609540018262
            ],
            [
              46.459638099918436,
              36.41637209959276
            ],
            [
              46.32213369981048,
              36.37748330001432
            ],
            [
              46.14545849971006,
              36.46331959991966
            ],
            [
              45.95406089859165,
              36.393318800022655
            ],
            [
              45.98461750009761,
              36.2810864996423
            ],
            [
              45.95517179963889,
              36.24358820033524
            ],
            [
              45.830166099985604,
              36.21914369992186
            ],
            [
              45.69932809991195,
              36.23553270027395
            ],
            [
              45.64126869959085,
              36.138868300331865
            ],
            [
              45.67460549944428,
              36.10775300040069
            ],
            [
              45.553763199512105,
              36.073310899578416
            ],
            [
              45.55797430017384,
              35.99510269962991
            ],
            [
              45.66562499989391,
              35.926915999573794
            ],
            [
              45.76370100000122,
              35.799013999996134
            ],
            [
              45.80037999983716,
              35.827039000049865
            ],
            [
              45.87486799945867,
              35.81136200015624
            ],
            [
              45.89603599986157,
              35.83764900010135
            ],
            [
              45.9543439997758,
              35.822802999858595
            ],
            [
              46.07856199943677,
              35.85842999974477
            ],
            [
              46.16790599976213,
              35.79999300017687
            ],
            [
              46.29461500008222,
              35.83586699976229
            ],
            [
              46.340243999860775,
              35.81990200007732
            ],
            [
              46.33332099986433,
              35.76334900015627
            ],
            [
              46.277040999942244,
              35.72886599996599
            ],
            [
              46.16508099988829,
              35.688963999888756
            ],
            [
              46.035072000272635,
              35.704708000174094
            ],
            [
              45.992875999627756,
              35.63508900025721
            ],
            [
              46.0299570000156,
              35.57661599992849
            ],
            [
              45.97210399950001,
              35.58117799986485
            ],
            [
              46.01799099948511,
              35.52069799961305
            ],
            [
              45.985424999564145,
              35.49602300026129
            ],
            [
              46.15790959994814,
              35.283279799723005
            ],
            [
              46.501036900132874,
              35.0349513997873
            ],
            [
              46.55520649968025,
              34.92273190035695
            ],
            [
              46.74354829981422,
              34.83995079978962
            ],
            [
              46.73327160020426,
              34.79411020032552
            ],
            [
              46.76827169977918,
              34.74299919955348
            ],
            [
              47.08856429950288,
              34.7577245998105
            ],
            [
              47.06717460002784,
              34.79245109953865
            ],
            [
              47.125233499426486,
              34.80355740035378
            ],
            [
              47.0721744996535,
              34.851057599728506
            ],
            [
              47.08106360020503,
              34.89077970032298
            ],
            [
              47.17328959943552,
              34.90328359975837
            ],
            [
              47.173289499610746,
              34.9724487999722
            ],
            [
              47.214125600316265,
              34.937167600204646
            ],
            [
              47.326630899796214,
              34.93856619977038
            ],
            [
              47.308297499530056,
              35.00634029986497
            ],
            [
              47.39968899984751,
              35.06161809979551
            ],
            [
              47.728592000220715,
              35.06217809953972
            ],
            [
              47.80304140004063,
              35.01495619986878
            ],
            [
              47.8399877997972,
              34.9388380000737
            ],
            [
              47.92235340008938,
              34.93453510021476
            ]
          ]
        ]
      }
    },
    {
      "type": "Feature",
      "properties": {
        "id": "west-azerbaijan",
        "name": "آذربایجان غربی"
      },
      "geometry": {
        "type": "Polygon",
        "coordinates": [
          [
            [
              47.17411530028096,
              36.79166700003208
            ],
            [
              47.10244630025659,
              36.83249730011039
            ],
            [
              46.997997499984706,
              36.745278100104315
            ],
            [
              46.877992498555045,
              36.779997300035404
            ],
            [
              46.89882449965097,
              36.894715099921996
            ],
            [
              46.837155000303085,
              36.937502199766755
            ],
            [
              46.86271149983588,
              36.99972969966598
            ],
            [
              46.78937539955513,
              37.054166100185455
            ],
            [
              46.706316500206356,
              37.072229399866956
            ],
            [
              46.46074869969277,
              37.02027770025569
            ],
            [
              46.49602819974166,
              37.09194789997565
            ],
            [
              46.44769189976142,
              37.10138870042823
            ],
            [
              46.28629439966687,
              36.971671100041306
            ],
            [
              46.198792600298304,
              36.94444080030274
            ],
            [
              46.004613200039216,
              37.15056050026692
            ],
            [
              45.7509926999532,
              37.183612900315154
            ],
            [
              45.78088960017499,
              37.22847100033647
            ],
            [
              45.71838249925298,
              37.26156952931041
            ],
            [
              45.54122765113527,
              37.48068210269696
            ],
            [
              45.21575680273429,
              38.17824333416257
            ],
            [
              45.15979030737685,
              38.26227998723169
            ],
            [
              45.10317730019233,
              38.26364089980774
            ],
            [
              45.08206419980303,
              38.332534600091776
            ],
            [
              45.339576999878716,
              38.486423100146
            ],
            [
              45.233457199889926,
              38.66503999859714
            ],
            [
              45.27568370014268,
              38.73198769997242
            ],
            [
              45.265126500187876,
              38.85393169998804
            ],
            [
              45.37790739960684,
              38.96255190034998
            ],
            [
              45.45290469969217,
              38.992996500288314
            ],
            [
              45.456903400271756,
              39.05112829963139
            ],
            [
              45.35468759955313,
              39.12639439988169
            ],
            [
              45.34978129956738,
              39.1705736997165
            ],
            [
              45.304239900051414,
              39.16602299976171
            ],
            [
              45.316613000289806,
              39.19849749995973
            ],
            [
              45.24762959982621,
              39.1856003000139
            ],
            [
              45.15293219976127,
              39.21635060020009
            ],
            [
              45.141981399821816,
              39.28447060023808
            ],
            [
              45.086703699716,
              39.3512472001982
            ],
            [
              44.96455969857129,
              39.421840999562505
            ],
            [
              44.97717980030757,
              39.448774299994
            ],
            [
              44.93992839997571,
              39.459658999763064
            ],
            [
              44.95184980042802,
              39.492168700325294
            ],
            [
              44.90977160017928,
              39.525071199576246
            ],
            [
              44.89720580040739,
              39.60523310022745
            ],
            [
              44.82191440042931,
              39.61126969963698
            ],
            [
              44.715082898557,
              39.714277599831405
            ],
            [
              44.647840400314294,
              39.72735539983188
            ],
            [
              44.613337900124066,
              39.78165020029655
            ],
            [
              44.467197399440465,
              39.68410189988282
            ],
            [
              44.48014800023009,
              39.61042399966789
            ],
            [
              44.416204000314394,
              39.55644000040576
            ],
            [
              44.440366999437515,
              39.50506900023424
            ],
            [
              44.408433900104455,
              39.47114919957596
            ],
            [
              44.421957100140105,
              39.411603899800184
            ],
            [
              44.29520029995393,
              39.375258099681616
            ],
            [
              44.21889599985059,
              39.41780289968415
            ],
            [
              44.13014049968439,
              39.38964410029507
            ],
            [
              44.05131570025941,
              39.40405849970006
            ],
            [
              44.032053199595566,
              39.371011500080726
            ],
            [
              44.10813190026704,
              39.28398300041516
            ],
            [
              44.097256600212006,
              39.20449169993208
            ],
            [
              44.17793269993422,
              39.16975969995025
            ],
            [
              44.22578760001778,
              39.09625230040342
            ],
            [
              44.19092060010564,
              39.076618500243626
            ],
            [
              44.211497700058885,
              39.020498299956614
            ],
            [
              44.1718728998145,
              38.99243279983392
            ],
            [
              44.18971520009649,
              38.93402729991999
            ],
            [
              44.314819499620285,
              38.80879509971413
            ],
            [
              44.25406729976612,
              38.718334000213986
            ],
            [
              44.272118499968826,
              38.646247700371134
            ],
            [
              44.32161990043812,
              38.624092399944345
            ],
            [
              44.2999870000001,
              38.394167599555146
            ],
            [
              44.37964510044111,
              38.358591498598855
            ],
            [
              44.449371199721156,
              38.38549209968073
            ],
            [
              44.51253140000415,
              38.34125980009975
            ],
            [
              44.40226849979149,
              38.25200030007386
            ],
            [
              44.39269339998049,
              38.14644309976927
            ],
            [
              44.35118090027839,
              38.13499420042206
            ],
            [
              44.36450860029174,
              38.103908499877434
            ],
            [
              44.31136200025617,
              38.072894299932045
            ],
            [
              44.22274579967899,
              37.88823920037885
            ],
            [
              44.388188999822546,
              37.86251099958304
            ],
            [
              44.39444670025506,
              37.82306080001598
            ],
            [
              44.448376900273786,
              37.806585399996266
            ],
            [
              44.44495060019011,
              37.770917099644464
            ],
            [
              44.55457179994869,
              37.780625800040696
            ],
            [
              44.62062250042811,
              37.727020200421975
            ],
            [
              44.568160000283854,
              37.64476199986643
            ],
            [
              44.61440899987548,
              37.60217600012237
            ],
            [
              44.57982930008217,
              37.4476059002921
            ],
            [
              44.79918399974184,
              37.310112999815146
            ],
            [
              44.814586000443626,
              37.27806000016892
            ],
            [
              44.75756789993869,
              37.228341200286195
            ],
            [
              44.78492939997187,
              37.145086200168066
            ],
            [
              44.749665999586284,
              37.112879000065846
            ],
            [
              44.807265000079724,
              37.044147999730455
            ],
            [
              44.90555200002484,
              37.00977900030068
            ],
            [
              44.882686999605426,
              36.9543490000064
            ],
            [
              44.91241499995232,
              36.91700900026518
            ],
            [
              44.903699000008885,
              36.86141000027135
            ],
            [
              44.836814000265974,
              36.797129000103325
            ],
            [
              44.858223000091414,
              36.77311599980362
            ],
            [
              44.94017899966116,
              36.785927999777414
            ],
            [
              45.057092999742224,
              36.70253599963672
            ],
            [
              45.07031699982974,
              36.63045300030575
            ],
            [
              45.0015559999095,
              36.538382000129275
            ],
            [
              45.0538959998006,
              36.50664899995144
            ],
            [
              45.081586999740296,
              36.42549000026338
            ],
            [
              45.14910800003423,
              36.4043409998373
            ],
            [
              45.2367229997667,
              36.43407699965388
            ],
            [
              45.27240399944509,
              36.393517999855874
            ],
            [
              45.26096399978883,
              36.30128899958771
            ],
            [
              45.30455299992104,
              36.27374700022392
            ],
            [
              45.265753999447554,
              36.253205999957004
            ],
            [
              45.33054599979812,
              36.21401700038433
            ],
            [
              45.32704600027273,
              36.139867000161985
            ],
            [
              45.3813629996028,
              36.08417999970726
            ],
            [
              45.34851030031018,
              35.97857820022381
            ],
            [
              45.55797430017384,
              35.99510269962991
            ],
            [
              45.55459689982712,
              36.07413999986113
            ],
            [
              45.67460549944428,
              36.10775300040069
            ],
            [
              45.64126869959085,
              36.138868300331865
            ],
            [
              45.69932809991195,
              36.23553270027395
            ],
            [
              45.830166099985604,
              36.21914369992186
            ],
            [
              45.95517179963889,
              36.24358820033524
            ],
            [
              45.98461750009761,
              36.2810864996423
            ],
            [
              45.95406089859165,
              36.393318800022655
            ],
            [
              46.11767889856236,
              36.46010400019952
            ],
            [
              46.19962760013368,
              36.45442939949726
            ],
            [
              46.32213369981048,
              36.37748330001432
            ],
            [
              46.459638099918436,
              36.41637209959276
            ],
            [
              46.67437250019077,
              36.39609540018262
            ],
            [
              46.788820900064536,
              36.42693040031776
            ],
            [
              46.89716010005861,
              36.3830429997347
            ],
            [
              46.921606900038455,
              36.3227659000263
            ],
            [
              47.01799889982942,
              36.31915360035845
            ],
            [
              47.080501999667604,
              36.2508172000538
            ],
            [
              47.31273600006642,
              36.251376299576634
            ],
            [
              47.392185000037784,
              36.33443369975549
            ],
            [
              47.32940130003004,
              36.610824900049124
            ],
            [
              47.291344799622834,
              36.68637979958811
            ],
            [
              47.17411530028096,
              36.79166700003208
            ]
          ]
        ]
      }
    },
    {
      "type": "Feature",
      "properties": {
        "id": "fars",
        "name": "فارس"
      },
      "geometry": {
        "type": "Polygon",
        "coordinates": [
          [
            [
              54.561411599865494,
              29.62649729951079
            ],
            [
              54.472242999714695,
              29.640953699953343
            ],
            [
              54.2427863998725,
              29.596223300065276
            ],
            [
              54.105558400100165,
              29.789009000265196
            ],
            [
              54.0980585002996,
              29.93845329987994
            ],
            [
              53.93999760010922,
              30.061517800306262
            ],
            [
              53.86415860023925,
              30.19374190026855
            ],
            [
              53.92610779953537,
              30.34901409992085
            ],
            [
              53.89860469944739,
              30.445682500047383
            ],
            [
              53.92916099968045,
              30.557075400209612
            ],
            [
              53.87943840016209,
              30.630137999569058
            ],
            [
              53.73498699985021,
              30.689025299577963
            ],
            [
              53.471087499688394,
              30.731524500355476
            ],
            [
              53.377472100057446,
              30.825416099773236
            ],
            [
              52.969397900292904,
              31.01459339976566
            ],
            [
              52.911895299928176,
              31.121261699867603
            ],
            [
              52.831612999840104,
              31.186535799787407
            ],
            [
              52.95550790006956,
              31.250710400264836
            ],
            [
              52.968007699495786,
              31.36432190003569
            ],
            [
              52.80105659978233,
              31.494874299709238
            ],
            [
              52.38103569983775,
              31.55154379960669
            ],
            [
              52.20186149960858,
              31.669598899969287
            ],
            [
              52.04630039994356,
              31.595709999916608
            ],
            [
              51.9365720999225,
              31.413486599726866
            ],
            [
              51.967961800097044,
              31.194316699955777
            ],
            [
              51.83545750016356,
              30.893478900231116
            ],
            [
              51.8585137000473,
              30.800414499929275
            ],
            [
              51.78517819961428,
              30.700693700054273
            ],
            [
              51.88823689981314,
              30.598189899544252
            ],
            [
              51.8335143997698,
              30.519298999948944
            ],
            [
              51.82629139942861,
              30.43652260013795
            ],
            [
              51.74295259958285,
              30.371517099834364
            ],
            [
              51.619337500025665,
              30.443741399745875
            ],
            [
              51.574611499621085,
              30.422355199532888
            ],
            [
              51.399327399639844,
              30.463737900084084
            ],
            [
              51.34960129996006,
              30.562633000012966
            ],
            [
              51.17737359991173,
              30.649855700180467
            ],
            [
              51.14292769945382,
              30.564022500238252
            ],
            [
              51.29487899956621,
              30.38457349956741
            ],
            [
              51.238486499852115,
              30.336244799757765
            ],
            [
              51.26904280008523,
              30.27957179969883
            ],
            [
              51.177927600278565,
              30.206236300165187
            ],
            [
              50.95597419984949,
              30.15595539972196
            ],
            [
              50.846526099799746,
              29.965675899623136
            ],
            [
              50.68679500028907,
              29.995958799658922
            ],
            [
              50.603183099720354,
              29.943728199596762
            ],
            [
              50.71374150007023,
              29.87317099994175
            ],
            [
              50.644015999738656,
              29.827060999565504
            ],
            [
              50.70374179974431,
              29.791505500278674
            ],
            [
              50.999867499985214,
              29.782892200214917
            ],
            [
              51.2782134999531,
              29.700664799640833
            ],
            [
              51.299603399977,
              29.678442499721655
            ],
            [
              51.2701571994952,
              29.608170899567426
            ],
            [
              51.32099330000085,
              29.49761379963718
            ],
            [
              51.364605999966955,
              29.463438899985306
            ],
            [
              51.50850039977371,
              29.452889099652282
            ],
            [
              51.587115999803586,
              29.39149489986977
            ],
            [
              51.674061400313406,
              29.234269600261882
            ],
            [
              51.80934629969204,
              29.099548699912646
            ],
            [
              51.79406999993063,
              29.04454780034075
            ],
            [
              51.86740549946427,
              28.979825199773188
            ],
            [
              51.96046439951249,
              28.821205700083055
            ],
            [
              52.12547239973151,
              28.199530899631384
            ],
            [
              52.26520029985403,
              28.04424520025583
            ],
            [
              52.38798520015689,
              27.993138699691315
            ],
            [
              52.602715200046475,
              27.580626500312803
            ],
            [
              52.75466629961011,
              27.50285269989223
            ],
            [
              52.92800699972332,
              27.341180400255325
            ],
            [
              53.04967839993827,
              27.275062099536342
            ],
            [
              53.35358019976644,
              27.191174099904856
            ],
            [
              53.40969609949548,
              27.113949900367686
            ],
            [
              53.49608799966148,
              27.1011745999279
            ],
            [
              53.54192390016789,
              27.15784319960403
            ],
            [
              53.78526669969847,
              27.04561700022441
            ],
            [
              53.93332760008872,
              27.123677799490906
            ],
            [
              54.034999400002334,
              27.230064000253435
            ],
            [
              53.9708303996033,
              27.307014400294406
            ],
            [
              53.973330399778206,
              27.35423060006218
            ],
            [
              54.35306770021424,
              27.458684600214156
            ],
            [
              55.12949199995586,
              27.430628700354305
            ],
            [
              55.410337799549836,
              27.6195122997529
            ],
            [
              55.48061680022522,
              27.72924429958482
            ],
            [
              55.578678500212675,
              27.796747899795776
            ],
            [
              55.5006198997886,
              27.923411700189888
            ],
            [
              55.38672500025859,
              27.99869299988211
            ],
            [
              55.407838300297385,
              28.418416799795523
            ],
            [
              55.45284109943725,
              28.543983799612704
            ],
            [
              55.25199749978486,
              28.723989600239918
            ],
            [
              55.28061059979939,
              28.995102499580753
            ],
            [
              55.24922119999843,
              29.118712900180242
            ],
            [
              55.164215799919305,
              29.253715999693668
            ],
            [
              54.9839319999619,
              29.39483180014753
            ],
            [
              54.83531429961528,
              29.579837399676308
            ],
            [
              54.561411599865494,
              29.62649729951079
            ]
          ]
        ]
      }
    },
    {
      "type": "Feature",
      "properties": {
        "id": "bushehr",
        "name": "بوشهر"
      },
      "geometry": {
        "type": "MultiPolygon",
        "coordinates": [
          [
            [
              [
                50.513893299736026,
                30.166060599517095
              ],
              [
                50.41657629955665,
                30.182189700294487
              ],
              [
                50.20000709974789,
                30.294962399695066
              ],
              [
                50.103441899524114,
                30.14187420003435
              ],
              [
                50.16810669976445,
                30.01397750016156
              ],
              [
                50.14530390005501,
                30.0166882996254
              ],
              [
                50.13216279947369,
                29.9301827997964
              ],
              [
                50.23757029952975,
                29.886384200070836
              ],
              [
                50.20824250019126,
                29.88069079994051
              ],
              [
                50.26516689943293,
                29.85217219978722
              ],
              [
                50.32466109973001,
                29.735398600065366
              ],
              [
                50.3557833001592,
                29.70781530023595
              ],
              [
                50.36055809947675,
                29.73337329983798
              ],
              [
                50.36626439948253,
                29.69338700001009
              ],
              [
                50.467731100010326,
                29.629387799707217
              ],
              [
                50.5080033995373,
                29.54934940025464
              ],
              [
                50.596009699687954,
                29.476621399957708
              ],
              [
                50.59297720013774,
                29.51241419975554
              ],
              [
                50.6062398000268,
                29.46392299964674
              ],
              [
                50.660934500227086,
                29.433469199643923
              ],
              [
                50.66310079976216,
                29.28646249984456
              ],
              [
                50.72949499989437,
                29.311936400244747
              ],
              [
                50.68158419975106,
                29.30081330009375
              ],
              [
                50.68982309945653,
                29.245412199513453
              ],
              [
                50.6663053000496,
                29.251781899714956
              ],
              [
                50.647663899969075,
                29.19724469958328
              ],
              [
                50.67636000021389,
                29.211417499717868
              ],
              [
                50.638604399473536,
                29.17476579970196
              ],
              [
                50.65153660013402,
                29.117197299715656
              ],
              [
                50.67065999995907,
                29.14070079990205
              ],
              [
                50.69553849970208,
                29.10085319981539
              ],
              [
                50.70005749945409,
                29.12932860013484
              ],
              [
                50.82644059985387,
                29.130863599875283
              ],
              [
                50.90399449984636,
                29.087230800061434
              ],
              [
                50.9227543999956,
                28.99696860002092
              ],
              [
                50.85878780011694,
                28.977219999603335
              ],
              [
                50.890945300085605,
                28.939122199629878
              ],
              [
                50.83039829944204,
                28.99657579953356
              ],
              [
                50.80457669955507,
                28.919911099717524
              ],
              [
                50.88507389984068,
                28.821195800345947
              ],
              [
                51.027605000270626,
                28.81174109997181
              ],
              [
                51.068089699879806,
                28.740310799803638
              ],
              [
                51.08613999986113,
                28.51180609997158
              ],
              [
                51.17535549965663,
                28.3506630999222
              ],
              [
                51.283051699676264,
                28.234350800249274
              ],
              [
                51.26416809957817,
                28.129479699928254
              ],
              [
                51.37907669963005,
                27.99665360008362
              ],
              [
                51.40253080005641,
                27.922687999551613
              ],
              [
                51.447983299789485,
                27.94461919971633
              ],
              [
                51.49345919988224,
                27.880651699616294
              ],
              [
                51.574878100044316,
                27.872284099731473
              ],
              [
                51.57444419964014,
                27.83699550034214
              ],
              [
                51.69377359977187,
                27.81997329992788
              ],
              [
                51.78734109971202,
                27.85125110015821
              ],
              [
                52.04683169962328,
                27.83832770026322
              ],
              [
                52.19774139954603,
                27.703915500300127
              ],
              [
                52.434179399559696,
                27.646811099952345
              ],
              [
                52.601560299668165,
                27.47288659953699
              ],
              [
                52.67339609965035,
                27.460440299879963
              ],
              [
                52.66758170023536,
                27.396490799710705
              ],
              [
                52.57621889998228,
                27.385981399621926
              ],
              [
                52.69501810030516,
                27.29234640016631
              ],
              [
                52.73792139975285,
                27.274306499945055
              ],
              [
                52.828441599999906,
                27.32421319967949
              ],
              [
                52.88522759987387,
                27.29284110013674
              ],
              [
                52.943843300128265,
                27.32951559976516
              ],
              [
                52.75466629961011,
                27.50285269989223
              ],
              [
                52.602715200046475,
                27.580626500312803
              ],
              [
                52.38798520015689,
                27.993138699691315
              ],
              [
                52.26520029985403,
                28.04424520025583
              ],
              [
                52.15825179978077,
                28.145640599833882
              ],
              [
                52.05407989986753,
                28.428423200070654
              ],
              [
                51.96046439951249,
                28.821205700083055
              ],
              [
                51.86740549946427,
                28.979825199773188
              ],
              [
                51.79406999993063,
                29.04454780034075
              ],
              [
                51.80934629969204,
                29.099548699912646
              ],
              [
                51.674061400313406,
                29.234269600261882
              ],
              [
                51.587115999803586,
                29.39149489986977
              ],
              [
                51.50850039977371,
                29.452889099652282
              ],
              [
                51.364605999966955,
                29.463438899985306
              ],
              [
                51.32099330000085,
                29.49761379963718
              ],
              [
                51.2701571994952,
                29.608170899567426
              ],
              [
                51.299603399977,
                29.678442499721655
              ],
              [
                51.2782134999531,
                29.700664799640833
              ],
              [
                50.999867499985214,
                29.782892200214917
              ],
              [
                50.81541359945811,
                29.775396799722557
              ],
              [
                50.64762950000147,
                29.817057999627025
              ],
              [
                50.71374150007023,
                29.87317099994175
              ],
              [
                50.64234900020625,
                29.93734170005945
              ],
              [
                50.573736900137874,
                29.924559500020962
              ],
              [
                50.53873379952529,
                29.967064700175797
              ],
              [
                50.539290300007394,
                30.073180400155422
              ],
              [
                50.57706980023113,
                30.12539770014382
              ],
              [
                50.513893299736026,
                30.166060599517095
              ]
            ]
          ],
          [
            [
              [
                50.34319219976027,
                29.308885800039718
              ],
              [
                50.35577279967504,
                29.34234079958827
              ],
              [
                50.33064669948567,
                29.298868900179627
              ],
              [
                50.34319219976027,
                29.308885800039718
              ]
            ]
          ],
          [
            [
              [
                50.68273829973282,
                29.296105799742918
              ],
              [
                50.665965000184656,
                29.289417199943898
              ],
              [
                50.658483599438625,
                29.243297200005827
              ],
              [
                50.68273829973282,
                29.296105799742918
              ]
            ]
          ],
          [
            [
              [
                50.294631400218975,
                29.274189999568875
              ],
              [
                50.323946500230875,
                29.210769100213838
              ],
              [
                50.33633169994806,
                29.260191399913253
              ],
              [
                50.294631400218975,
                29.274189999568875
              ]
            ]
          ],
          [
            [
              [
                50.87266660018349,
                29.07328949981064
              ],
              [
                50.86333559975816,
                29.0128955997522
              ],
              [
                50.88506939963315,
                28.996367500359895
              ],
              [
                50.87266660018349,
                29.07328949981064
              ]
            ]
          ],
          [
            [
              [
                50.84080179986324,
                29.000667199531676
              ],
              [
                50.835193099681874,
                28.998303099508462
              ],
              [
                50.840734400172494,
                28.99152049987123
              ],
              [
                50.84080179986324,
                29.000667199531676
              ]
            ]
          ],
          [
            [
              [
                50.88015449943066,
                28.99516559961279
              ],
              [
                50.853847199988365,
                28.987310800353214
              ],
              [
                50.86102739979469,
                28.980188200325244
              ],
              [
                50.88015449943066,
                28.99516559961279
              ]
            ]
          ],
          [
            [
              [
                51.287946699680504,
                28.091470699912918
              ],
              [
                51.285749399615156,
                28.08010670016415
              ],
              [
                51.29851719970907,
                28.05742449954107
              ],
              [
                51.287946699680504,
                28.091470699912918
              ]
            ]
          ],
          [
            [
              [
                51.306772199977104,
                28.06999779965878
              ],
              [
                51.304033300296624,
                28.05487630020116
              ],
              [
                51.31836890020463,
                28.0649394998581
              ],
              [
                51.306772199977104,
                28.06999779965878
              ]
            ]
          ],
          [
            [
              [
                51.32208820031025,
                28.062284499729913
              ],
              [
                51.322252299603974,
                28.002718000235575
              ],
              [
                51.36037640025074,
                27.988954499550573
              ],
              [
                51.32208820031025,
                28.062284499729913
              ]
            ]
          ],
          [
            [
              [
                51.30030630019564,
                28.062356899651263
              ],
              [
                51.29732700004109,
                28.05313300038773
              ],
              [
                51.3028087995865,
                28.04453089958139
              ],
              [
                51.30030630019564,
                28.062356899651263
              ]
            ]
          ],
          [
            [
              [
                51.30575750030846,
                28.043550500055574
              ],
              [
                51.30822940026667,
                28.044508000144162
              ],
              [
                51.306215300196016,
                28.046483999536974
              ],
              [
                51.30575750030846,
                28.043550500055574
              ]
            ]
          ],
          [
            [
              [
                51.30647469974764,
                28.03580280015916
              ],
              [
                51.30619619949505,
                28.04308130036179
              ],
              [
                51.304441499875395,
                28.043375000056244
              ],
              [
                51.30647469974764,
                28.03580280015916
              ]
            ]
          ],
          [
            [
              [
                51.454598899819416,
                27.845526400023402
              ],
              [
                51.46292780007798,
                27.860790299932432
              ],
              [
                51.406064999899854,
                27.919456900015973
              ],
              [
                51.454598899819416,
                27.845526400023402
              ]
            ]
          ],
          [
            [
              [
                51.55633439961292,
                27.835677300167333
              ],
              [
                51.55029559956233,
                27.83804600022279
              ],
              [
                51.5692289996187,
                27.838272699525533
              ],
              [
                51.55633439961292,
                27.835677300167333
              ]
            ]
          ],
          [
            [
              [
                51.47513110022015,
                27.82654110009173
              ],
              [
                51.46929939964764,
                27.823962199695814
              ],
              [
                51.469893599709906,
                27.81915560035071
              ],
              [
                51.47513110022015,
                27.82654110009173
              ]
            ]
          ]
        ]
      }
    },
    {
      "type": "Feature",
      "properties": {
        "id": "ardabil",
        "name": "اردبیل"
      },
      "geometry": {
        "type": "Polygon",
        "coordinates": [
          [
            [
              48.58182639946881,
              38.46033830017245
            ],
            [
              48.46468399946707,
              38.56132140016251
            ],
            [
              48.45929319962153,
              38.60768779995203
            ],
            [
              48.32061669960103,
              38.601799600371294
            ],
            [
              48.25265700012051,
              38.66190759965605
            ],
            [
              48.24915580000021,
              38.72609589950622
            ],
            [
              48.10721949948038,
              38.76907379951626
            ],
            [
              48.02070279949464,
              38.837889800174196
            ],
            [
              48.01027000006053,
              38.907306000271774
            ],
            [
              48.069264799630844,
              38.91093679989348
            ],
            [
              48.088234499922294,
              38.94695079963975
            ],
            [
              48.27075319970044,
              38.967301800138046
            ],
            [
              48.33322269996768,
              39.02116570033684
            ],
            [
              48.30779279979794,
              39.108527200070284
            ],
            [
              48.150283300034346,
              39.198254499545556
            ],
            [
              48.12943759956562,
              39.26479549961266
            ],
            [
              48.211088299985136,
              39.328950600090195
            ],
            [
              48.36862209943041,
              39.37983610035582
            ],
            [
              48.03205839957553,
              39.69252749974436
            ],
            [
              47.98212220027938,
              39.70900029982403
            ],
            [
              47.91742309989621,
              39.661499800075774
            ],
            [
              47.807321600111834,
              39.6591903995174
            ],
            [
              47.562936900017974,
              39.51377509954125
            ],
            [
              47.37757009948058,
              39.45490469959225
            ],
            [
              47.36339899996392,
              39.42172560035624
            ],
            [
              47.4307924997741,
              39.3186376002451
            ],
            [
              47.50493480000108,
              39.295435599573295
            ],
            [
              47.48106580004668,
              39.272564499951784
            ],
            [
              47.518568999759566,
              39.21978570015
            ],
            [
              47.497456299568626,
              39.128396899597305
            ],
            [
              47.527459399831514,
              39.08061540038045
            ],
            [
              47.502180000306794,
              39.000053699818466
            ],
            [
              47.56301609971331,
              38.977556700181594
            ],
            [
              47.511623499624875,
              38.91589020007274
            ],
            [
              47.59801989999846,
              38.81894369989186
            ],
            [
              47.431344900246984,
              38.75644060005368
            ],
            [
              47.43578859976412,
              38.70032959983121
            ],
            [
              47.52579429966727,
              38.66976770041907
            ],
            [
              47.56885090024889,
              38.61170839992275
            ],
            [
              47.498568199762644,
              38.581158799638956
            ],
            [
              47.464122499853545,
              38.47809639962918
            ],
            [
              47.28717189856434,
              38.3022630000375
            ],
            [
              47.39856769993946,
              38.237812500146845
            ],
            [
              47.46884659989075,
              38.24948170012044
            ],
            [
              47.48273660011404,
              38.18197929960502
            ],
            [
              47.72469419997742,
              38.212255499691594
            ],
            [
              47.787473299952865,
              38.25142279952263
            ],
            [
              47.85219970015606,
              38.146698500035825
            ],
            [
              47.86220010015455,
              38.00669990038017
            ],
            [
              47.93775949990106,
              37.946691599937424
            ],
            [
              47.89303680000836,
              37.86835739957439
            ],
            [
              47.9994029998486,
              37.89495669989185
            ],
            [
              48.151104499772885,
              37.810304100254086
            ],
            [
              48.135271599704595,
              37.75224460010827
            ],
            [
              48.06665570000058,
              37.72947039973923
            ],
            [
              48.02554289858597,
              37.6544620002212
            ],
            [
              48.02165319943566,
              37.61224219991766
            ],
            [
              48.07915599855056,
              37.57835659957743
            ],
            [
              48.06082310010606,
              37.51473479977125
            ],
            [
              48.15527210022731,
              37.47835239994333
            ],
            [
              48.14943910013443,
              37.41612399982279
            ],
            [
              48.33500430010844,
              37.23945439980076
            ],
            [
              48.41695369955363,
              37.24584309997914
            ],
            [
              48.577515500140294,
              37.103058700098984
            ],
            [
              48.73752350000956,
              37.18556410000326
            ],
            [
              48.790026299674025,
              37.13917429985412
            ],
            [
              48.92225489984378,
              37.17667369993137
            ],
            [
              48.89530849988739,
              37.22556240038455
            ],
            [
              48.90475489951905,
              37.31445849966008
            ],
            [
              48.71529939964762,
              37.47418889949819
            ],
            [
              48.680019799774016,
              37.59280089964187
            ],
            [
              48.59584690031426,
              37.69058370007775
            ],
            [
              48.6541827000716,
              37.778911599590685
            ],
            [
              48.59195969948058,
              37.8030770997284
            ],
            [
              48.57084639944185,
              37.90197679968958
            ],
            [
              48.690017699657176,
              38.22225620006361
            ],
            [
              48.67168419956619,
              38.28976279951365
            ],
            [
              48.57390159967912,
              38.361706500154924
            ],
            [
              48.58182639946881,
              38.46033830017245
            ]
          ]
        ]
      }
    },
    {
      "type": "Feature",
      "properties": {
        "id": "golestan",
        "name": "گلستان"
      },
      "geometry": {
        "type": "Polygon",
        "coordinates": [
          [
            [
              54.126115199656795,
              36.491659100087475
            ],
            [
              54.517524200181754,
              36.51722109987389
            ],
            [
              54.649472700205024,
              36.618055600385674
            ],
            [
              54.70086549994295,
              36.6325006999474
            ],
            [
              54.77809130027333,
              36.60027809985445
            ],
            [
              54.86531689985509,
              36.629447700351136
            ],
            [
              55.00143560027277,
              36.76416869962583
            ],
            [
              55.40089779949392,
              36.816957099690455
            ],
            [
              55.54757310001861,
              36.91389890001426
            ],
            [
              55.621465799706925,
              37.09917579982334
            ],
            [
              55.70591499967753,
              37.191957699688146
            ],
            [
              55.720081400236495,
              37.271131900117155
            ],
            [
              56.016485199632314,
              37.370295400012765
            ],
            [
              56.00120539970948,
              37.44252210021483
            ],
            [
              56.21566029968312,
              37.85948219984368
            ],
            [
              56.28038610003853,
              37.867257699583206
            ],
            [
              56.31038939995091,
              37.910313599592996
            ],
            [
              56.28897559954436,
              38.08465830014052
            ],
            [
              55.96249999977522,
              38.07833300036771
            ],
            [
              55.75611099962299,
              38.12527799968001
            ],
            [
              55.44277799960503,
              38.08611100022256
            ],
            [
              55.20150969951305,
              37.947306800068816
            ],
            [
              55.127655499801506,
              37.9491995995819
            ],
            [
              55.02332269948306,
              37.84296340034069
            ],
            [
              54.84021310015453,
              37.74569400037785
            ],
            [
              54.782754799494455,
              37.63433989966671
            ],
            [
              54.81524750017206,
              37.60622980036504
            ],
            [
              54.79251510029172,
              37.52548889999281
            ],
            [
              54.67366760007974,
              37.43705500008821
            ],
            [
              54.586762099791144,
              37.46003119988001
            ],
            [
              54.397659699835344,
              37.36069949978213
            ],
            [
              54.28519289943284,
              37.35176899983952
            ],
            [
              54.24467789986522,
              37.31998559985561
            ],
            [
              53.970649099876084,
              37.34603730028124
            ],
            [
              54.046215599770164,
              37.0300577996278
            ],
            [
              54.00047499952166,
              36.97617829978873
            ],
            [
              54.04515420010631,
              36.94851580026403
            ],
            [
              54.061041699814666,
              36.71502330028511
            ],
            [
              54.00888649981215,
              36.649449000371135
            ],
            [
              54.113058700098975,
              36.60638419977107
            ],
            [
              54.126115199656795,
              36.491659100087475
            ]
          ]
        ]
      }
    },
    {
      "type": "Feature",
      "properties": {
        "id": "khorasan-razavi",
        "name": "خراسان رضوی"
      },
      "geometry": {
        "type": "Polygon",
        "coordinates": [
          [
            [
              56.53206519944945,
              36.66750340036168
            ],
            [
              56.75846280031806,
              36.70389219976528
            ],
            [
              56.76929579986131,
              36.615829799905384
            ],
            [
              56.86152480012947,
              36.56805279999679
            ],
            [
              56.86402449993079,
              36.52083129962483
            ],
            [
              56.8167981998771,
              36.461942399722034
            ],
            [
              56.698459699755404,
              36.38832990000492
            ],
            [
              56.80040799982936,
              36.23860719996236
            ],
            [
              56.73123879943108,
              36.08998510013231
            ],
            [
              56.72179530011306,
              35.8599842000109
            ],
            [
              57.03486429964778,
              35.56413750004566
            ],
            [
              57.04764089960787,
              35.535528199666714
            ],
            [
              56.99125130020741,
              35.441913999731355
            ],
            [
              57.0520871001396,
              35.31496910004398
            ],
            [
              57.0002296000161,
              35.21524859964319
            ],
            [
              56.84374269956601,
              35.19774250011636
            ],
            [
              56.69095770003787,
              35.0624637997646
            ],
            [
              56.488446799580174,
              35.02857429996402
            ],
            [
              56.22797359950209,
              34.710417199793994
            ],
            [
              56.438446799680094,
              34.682447999975295
            ],
            [
              56.67234419962517,
              34.754393799634215
            ],
            [
              56.79012949977664,
              34.8374510999883
            ],
            [
              56.8515220996652,
              34.919123199775925
            ],
            [
              56.83374250011633,
              34.95440500029059
            ],
            [
              57.152645499790026,
              35.07551549964063
            ],
            [
              57.31765359983382,
              35.096072099547825
            ],
            [
              57.515717799736706,
              35.07134769953677
            ],
            [
              57.55294400016555,
              35.05912519976823
            ],
            [
              57.57294349974279,
              35.000103899875114
            ],
            [
              57.711561899961794,
              34.919961099924876
            ],
            [
              57.78600729959726,
              34.82384489972242
            ],
            [
              57.70211479975825,
              34.77439499982944
            ],
            [
              57.556690100068124,
              34.59799999970028
            ],
            [
              57.79350609952695,
              34.33271970025402
            ],
            [
              57.893791799551934,
              34.329669199873706
            ],
            [
              58.071022599913135,
              34.23494240007176
            ],
            [
              58.189081099713064,
              34.24160289965414
            ],
            [
              58.264087099839855,
              34.321329700205524
            ],
            [
              58.32019969995622,
              34.31466030003287
            ],
            [
              58.370726699877366,
              34.28930549954924
            ],
            [
              58.465204099689515,
              34.12743910013444
            ],
            [
              58.636321699986524,
              34.0216000999647
            ],
            [
              58.70577449979339,
              34.09993700009255
            ],
            [
              58.979670799967494,
              34.094656500297276
            ],
            [
              59.259407400031535,
              34.14992970019557
            ],
            [
              59.34719300025682,
              34.107986900075446
            ],
            [
              59.53609060030101,
              34.10409639962921
            ],
            [
              59.61053599993653,
              34.01548749974836
            ],
            [
              59.99128490007814,
              34.00484099981236
            ],
            [
              60.14416860020077,
              33.85631199959914
            ],
            [
              60.33446029960322,
              33.98382159978706
            ],
            [
              60.533075999757614,
              34.000249500314226
            ],
            [
              60.5374214996026,
              34.15069699996661
            ],
            [
              60.67203219972629,
              34.30275379954827
            ],
            [
              60.918372999914084,
              34.30475599978962
            ],
            [
              60.849630999970714,
              34.36844799977541
            ],
            [
              60.80927399959546,
              34.47165299988609
            ],
            [
              60.73908300028029,
              34.51808599986907
            ],
            [
              60.848649999697784,
              34.54207700005355
            ],
            [
              60.92221399987625,
              34.623017999581066
            ],
            [
              61.00079799952812,
              34.64297599994251
            ],
            [
              61.00381899944733,
              34.711317000279394
            ],
            [
              61.07506099956555,
              34.84426399958397
            ],
            [
              61.05594300016935,
              34.90486199988146
            ],
            [
              61.12162500019366,
              35.00351499961761
            ],
            [
              61.09970200004733,
              35.02420499956111
            ],
            [
              61.11742099967944,
              35.073974999646566
            ],
            [
              61.14577099943216,
              35.08061099989777
            ],
            [
              61.132569999505904,
              35.135872999639275
            ],
            [
              61.08711699974981,
              35.164807000242945
            ],
            [
              61.117853999862234,
              35.20964400037036
            ],
            [
              61.091774999616575,
              35.26373700016251
            ],
            [
              61.19029599956076,
              35.292864999819926
            ],
            [
              61.1874590000329,
              35.39959199957116
            ],
            [
              61.22716099988031,
              35.4216549998784
            ],
            [
              61.282579200170005,
              35.53790330019717
            ],
            [
              61.27375910010244,
              35.60941210038817
            ],
            [
              61.216654500105165,
              35.67580099991625
            ],
            [
              61.261943999516006,
              35.813333000217824
            ],
            [
              61.244999999650304,
              35.89722199989541
            ],
            [
              61.20166699963238,
              35.943610999647944
            ],
            [
              61.117167800054006,
              35.96213069987198
            ],
            [
              61.16999999980021,
              35.99527799997975
            ],
            [
              61.164722000120264,
              36.0352780000797
            ],
            [
              61.23097589971803,
              36.11758959968034
            ],
            [
              61.14916920019846,
              36.317479499779154
            ],
            [
              61.175757599833446,
              36.46416289959819
            ],
            [
              61.15687669950012,
              36.50740179995313
            ],
            [
              61.18600310016302,
              36.56432079966521
            ],
            [
              61.14619419970262,
              36.646492999852114
            ],
            [
              60.34554229983735,
              36.629393900208356
            ],
            [
              60.04306869986067,
              37.02076349963585
            ],
            [
              59.89952919951298,
              37.05144590010826
            ],
            [
              59.77184780003597,
              37.125349499579784
            ],
            [
              59.55254079951834,
              37.13620400011456
            ],
            [
              59.55173070011176,
              37.17756769978956
            ],
            [
              59.474737799909576,
              37.21477529954052
            ],
            [
              59.48342590018518,
              37.2484839996369
            ],
            [
              59.39689769966918,
              37.31730289970909
            ],
            [
              59.37787699972381,
              37.40758969980487
            ],
            [
              59.41134469949833,
              37.435773899645824
            ],
            [
              59.35347939985445,
              37.52841619954802
            ],
            [
              59.229249700013725,
              37.51204989988304
            ],
            [
              59.06027799992978,
              37.62999999990012
            ],
            [
              58.82277799950515,
              37.70361099954806
            ],
            [
              58.80444400029046,
              37.66694400026546
            ],
            [
              58.7127779999048,
              37.64861100019755
            ],
            [
              58.55,
              37.705832999493396
            ],
            [
              58.474166999507474,
              37.640556000159336
            ],
            [
              58.38843410005376,
              37.6269846000593
            ],
            [
              58.31120479956189,
              37.66222200014522
            ],
            [
              58.37091340003343,
              37.58467449972841
            ],
            [
              58.3549337000303,
              37.40835450035996
            ],
            [
              58.31687359963695,
              37.35167929966002
            ],
            [
              58.42048539998126,
              37.24390170020337
            ],
            [
              58.304926899456916,
              37.16806309963238
            ],
            [
              58.24298059957505,
              37.1811205003109
            ],
            [
              58.159014799593365,
              37.075130500372325
            ],
            [
              58.24409359963994,
              37.04695399962742
            ],
            [
              58.30105270012206,
              36.9644638998891
            ],
            [
              58.25881320016913,
              36.91083520028434
            ],
            [
              58.098808300262874,
              36.868892900187234
            ],
            [
              58.105747499747395,
              36.64555559961127
            ],
            [
              58.08241439950501,
              36.599995899791
            ],
            [
              57.936022899836985,
              36.58472189959605
            ],
            [
              57.48988830020494,
              36.76916369974498
            ],
            [
              57.02958659944204,
              36.87167630012118
            ],
            [
              56.721239899501825,
              36.79889509952926
            ],
            [
              56.53206519944945,
              36.66750340036168
            ]
          ]
        ]
      }
    },
    {
      "type": "Feature",
      "properties": {
        "id": "south-khorasan",
        "name": "خراسان جنوبی"
      },
      "geometry": {
        "type": "Polygon",
        "coordinates": [
          [
            [
              59.463574699712694,
              30.51679460029061
            ],
            [
              59.93415520000252,
              30.753187699852504
            ],
            [
              59.97748849949471,
              30.919856200203526
            ],
            [
              60.22471819948538,
              30.953189199522
            ],
            [
              60.299170999642,
              31.022637900218967
            ],
            [
              60.248611799494995,
              31.12430569994814
            ],
            [
              60.352230699986876,
              31.204582899980892
            ],
            [
              60.667239600127516,
              31.289032799624067
            ],
            [
              60.85308440022493,
              31.447640199835405
            ],
            [
              60.813483499463985,
              31.708701300224902
            ],
            [
              60.815966800127796,
              32.026539300248544
            ],
            [
              60.88292100000422,
              32.197735999516794
            ],
            [
              60.81477099948211,
              32.481294800114995
            ],
            [
              60.70958139976182,
              32.69585549993144
            ],
            [
              60.583377500071606,
              33.12990449999273
            ],
            [
              60.63405480008902,
              33.22814119995644
            ],
            [
              60.86648359993825,
              33.42148699972529
            ],
            [
              60.85092310002108,
              33.4820012002952
            ],
            [
              60.945903499646874,
              33.51349439984671
            ],
            [
              60.902795199738705,
              33.53996650005399
            ],
            [
              60.703418200089914,
              33.54551999984818
            ],
            [
              60.581277299807596,
              33.597023300185185
            ],
            [
              60.54689369988438,
              33.73140949984861
            ],
            [
              60.582213499453474,
              33.805443699766954
            ],
            [
              60.533075999757614,
              34.000249500314226
            ],
            [
              60.33446029960322,
              33.98382159978706
            ],
            [
              60.14416860020077,
              33.85631199959914
            ],
            [
              59.99128490007814,
              34.00484099981236
            ],
            [
              59.61053599993653,
              34.01548749974836
            ],
            [
              59.53609060030101,
              34.10409639962921
            ],
            [
              59.34719300025682,
              34.107986900075446
            ],
            [
              59.259407400031535,
              34.14992970019557
            ],
            [
              58.979670799967494,
              34.094656500297276
            ],
            [
              58.70577449979339,
              34.09993700009255
            ],
            [
              58.636321699986524,
              34.0216000999647
            ],
            [
              58.465204099689515,
              34.12743910013444
            ],
            [
              58.370726699877366,
              34.28930549954924
            ],
            [
              58.32019969995622,
              34.31466030003287
            ],
            [
              58.264087099839855,
              34.321329700205524
            ],
            [
              58.189081099713064,
              34.24160289965414
            ],
            [
              58.071022599913135,
              34.23494240007176
            ],
            [
              57.91601129988163,
              34.321610000001556
            ],
            [
              57.76600670014915,
              34.34715940028616
            ],
            [
              57.556690100068124,
              34.59799999970028
            ],
            [
              57.70211479975825,
              34.77439499982944
            ],
            [
              57.78600729959726,
              34.82384489972242
            ],
            [
              57.70433519980969,
              34.926068500261124
            ],
            [
              57.57294349974279,
              35.000103899875114
            ],
            [
              57.54627750030647,
              35.063851799920656
            ],
            [
              57.31765359983382,
              35.096072099547825
            ],
            [
              57.152645499790026,
              35.07551549964063
            ],
            [
              57.00069390020337,
              34.99801179980477
            ],
            [
              56.86457539943518,
              34.97440449986783
            ],
            [
              56.739850100301965,
              34.78273269995418
            ],
            [
              56.611508100218714,
              34.73245140021203
            ],
            [
              56.43233359961596,
              34.68189770031864
            ],
            [
              56.22797359950209,
              34.710417199793994
            ],
            [
              55.919532700074114,
              34.245775100140804
            ],
            [
              55.47867820003893,
              34.251885399891364
            ],
            [
              55.49784400020053,
              33.52909189967147
            ],
            [
              55.38645200025968,
              33.364923600044165
            ],
            [
              55.511733700050286,
              33.25157940036911
            ],
            [
              55.686187799527374,
              32.931024999903855
            ],
            [
              55.807579499794144,
              32.78740560018832
            ],
            [
              55.972033800019915,
              32.739631200219776
            ],
            [
              56.22148700002509,
              32.59378819976564
            ],
            [
              56.54372559955681,
              32.23156369970502
            ],
            [
              56.653450599965254,
              32.08738390004697
            ],
            [
              56.59678119989252,
              31.999611400245954
            ],
            [
              56.60483779982468,
              31.92210599979211
            ],
            [
              56.93957659988024,
              31.95405030018128
            ],
            [
              57.533491499732975,
              31.823491099834428
            ],
            [
              58.07823709986235,
              31.658771200130843
            ],
            [
              58.38991920001115,
              31.476544100130184
            ],
            [
              58.780493000151864,
              31.155415499625633
            ],
            [
              59.0585552001624,
              31.00847799995978
            ],
            [
              59.07856120003942,
              30.907916600171006
            ],
            [
              59.463574699712694,
              30.51679460029061
            ]
          ]
        ]
      }
    },
    {
      "type": "Feature",
      "properties": {
        "id": "sistan-baluchestan",
        "name": "سیستان و بلوچستان"
      },
      "geometry": {
        "type": "Polygon",
        "coordinates": [
          [
            [
              58.843814199765575,
              26.48310649996506
            ],
            [
              58.88437359976189,
              26.42365579987529
            ],
            [
              58.879653499909125,
              26.353383000025474
            ],
            [
              58.94326580017662,
              26.33559609978022
            ],
            [
              58.9760453000506,
              26.28671000016641
            ],
            [
              58.98298460025916,
              26.2172626997139
            ],
            [
              59.082716299917365,
              26.03031270027094
            ],
            [
              59.08048919991671,
              25.99615200001483
            ],
            [
              58.997710800013465,
              25.937813999616424
            ],
            [
              59.218833000242796,
              25.740587799687262
            ],
            [
              59.217990699711095,
              25.467651399892247
            ],
            [
              59.25980190023756,
              25.497066900217305
            ],
            [
              59.23092749950456,
              25.46592169962679
            ],
            [
              59.29327139955552,
              25.461356699552084
            ],
            [
              59.26166060015663,
              25.43777890007624
            ],
            [
              59.38965029982154,
              25.464606700139143
            ],
            [
              59.34224639985155,
              25.491461100349568
            ],
            [
              59.372389199901704,
              25.477048600312685
            ],
            [
              59.35587279978995,
              25.547336700328515
            ],
            [
              59.38772420021172,
              25.472818300024585
            ],
            [
              59.48650909991511,
              25.46592669985739
            ],
            [
              59.59425019948719,
              25.39264310019894
            ],
            [
              59.81955609983419,
              25.402723299740558
            ],
            [
              59.88660169960883,
              25.341608299883205
            ],
            [
              59.958389199701855,
              25.3861724996612
            ],
            [
              59.89397579954357,
              25.352489499490844
            ],
            [
              60.07233559980813,
              25.380227800172918
            ],
            [
              60.19836279980342,
              25.32434560006942
            ],
            [
              60.201651099818434,
              25.368483100314904
            ],
            [
              60.27457720007777,
              25.38800749974638
            ],
            [
              60.31360719951272,
              25.332253599623982
            ],
            [
              60.46767329948324,
              25.287295000364054
            ],
            [
              60.40625420017125,
              25.37518169967575
            ],
            [
              60.44619940008232,
              25.42863359976087
            ],
            [
              60.43270919976982,
              25.41050639965067
            ],
            [
              60.53755250024773,
              25.442590300002394
            ],
            [
              60.607111099897395,
              25.394494199947417
            ],
            [
              60.61078529990175,
              25.28509439978677
            ],
            [
              61.173202499995455,
              25.17061920011605
            ],
            [
              61.182378600292225,
              25.123650599895313
            ],
            [
              61.42053170007796,
              25.059244399709314
            ],
            [
              61.41633779984966,
              25.08574579982883
            ],
            [
              61.48191860006341,
              25.101856100278837
            ],
            [
              61.495790599456654,
              25.18066859967621
            ],
            [
              61.56499970007616,
              25.18562530036735
            ],
            [
              61.56929589998583,
              25.22713089957142
            ],
            [
              61.51457430016387,
              25.24582239998381
            ],
            [
              61.536922300124104,
              25.244916899595296
            ],
            [
              61.531684799613856,
              25.30066330027114
            ],
            [
              61.54866399984377,
              25.230089799504697
            ],
            [
              61.571476899839126,
              25.257083100005104
            ],
            [
              61.580645899988326,
              25.23865400018201
            ],
            [
              61.567863999424105,
              25.192580999713414
            ],
            [
              61.59532839988577,
              25.198735199869645
            ],
            [
              61.57023409972396,
              25.179877100048202
            ],
            [
              61.617836199481076,
              25.17686199968159
            ],
            [
              61.672324999898876,
              25.64783500008525
            ],
            [
              61.73632899988348,
              25.741720000277837
            ],
            [
              61.79823400019899,
              25.717887000184987
            ],
            [
              61.84006700029187,
              25.744840000265867
            ],
            [
              61.85153899962518,
              25.816431000290493
            ],
            [
              61.820408000229065,
              25.84921100018755
            ],
            [
              61.89072199982047,
              25.88319900003387
            ],
            [
              61.83170599963222,
              25.9114020002022
            ],
            [
              61.81835900016779,
              25.967194000103063
            ],
            [
              61.89744100030197,
              26.2625209998443
            ],
            [
              61.96114299984964,
              26.260216999714828
            ],
            [
              62.03336400014854,
              26.334491000259504
            ],
            [
              62.125387999956274,
              26.27398599975413
            ],
            [
              62.21501099965798,
              26.26792900012333
            ],
            [
              62.228244000160544,
              26.329538000278546
            ],
            [
              62.27194400001565,
              26.328002999638784
            ],
            [
              62.25776700004707,
              26.446224999783965
            ],
            [
              62.306942999719695,
              26.462772000227687
            ],
            [
              62.303304000079606,
              26.508287000145003
            ],
            [
              62.42117619992172,
              26.533157799892592
            ],
            [
              62.44516499946519,
              26.566894999504655
            ],
            [
              62.60409800012269,
              26.576273000298784
            ],
            [
              62.794699999805175,
              26.651003000288256
            ],
            [
              63.048856999451004,
              26.627541000217036
            ],
            [
              63.19691999975822,
              26.647125999565276
            ],
            [
              63.185978999731105,
              26.836725999805083
            ],
            [
              63.24633399961442,
              26.849902999523863
            ],
            [
              63.25109439988671,
              27.0921506001701
            ],
            [
              63.33327039970925,
              27.118400299834036
            ],
            [
              63.282524999429256,
              27.212769999535908
            ],
            [
              63.18837899979104,
              27.260519999998053
            ],
            [
              62.93697400024996,
              27.201439999556385
            ],
            [
              62.775571999947886,
              27.25289600005044
            ],
            [
              62.82480299945894,
              27.299190999964708
            ],
            [
              62.79132799988736,
              27.33878300013538
            ],
            [
              62.848422899797015,
              27.462939100359222
            ],
            [
              62.82895450025006,
              27.764462900242677
            ],
            [
              62.7610214998424,
              28.025923099971124
            ],
            [
              62.792960499627384,
              28.27890439971833
            ],
            [
              62.59719099996471,
              28.248420000282863
            ],
            [
              62.488770999482085,
              28.37340500024061
            ],
            [
              62.38948600027874,
              28.43224799964554
            ],
            [
              61.91001800023059,
              28.564376999898684
            ],
            [
              61.64557159984952,
              28.802927400379303
            ],
            [
              61.53336100011012,
              29.01022199984544
            ],
            [
              61.47886099953553,
              29.023638999840045
            ],
            [
              61.50725899970314,
              29.06168599980907
            ],
            [
              61.47437100022154,
              29.12340299954883
            ],
            [
              61.42082299948191,
              29.135651999640118
            ],
            [
              61.43021800016061,
              29.199094999834415
            ],
            [
              61.352908999950444,
              29.27598299951586
            ],
            [
              61.36012299987658,
              29.378458000136675
            ],
            [
              61.16252379983354,
              29.53333869972124
            ],
            [
              60.87285499985842,
              29.85854559979964
            ],
            [
              61.803606300090735,
              30.83529560031178
            ],
            [
              61.78196540018314,
              30.91118900017227
            ],
            [
              61.834701899473146,
              30.974098500045784
            ],
            [
              61.83158239950819,
              31.088485399781405
            ],
            [
              61.77163079952186,
              31.20625880010357
            ],
            [
              61.77838489964347,
              31.302269400112777
            ],
            [
              61.70666730025573,
              31.3758960003002
            ],
            [
              60.85605699953095,
              31.486519199501515
            ],
            [
              60.83725109995834,
              31.4162592995271
            ],
            [
              60.74307879964692,
              31.32903350029585
            ],
            [
              60.387783399684224,
              31.224587100314466
            ],
            [
              60.27555849982497,
              31.14986089996063
            ],
            [
              60.24861169967028,
              31.109862599579344
            ],
            [
              60.299170999642,
              31.022637900218967
            ],
            [
              60.22194520021088,
              30.951248600142833
            ],
            [
              59.97748849949471,
              30.919856200203526
            ],
            [
              59.94220860014684,
              30.765687699827538
            ],
            [
              59.877482600141946,
              30.70984869955788
            ],
            [
              59.463574699712694,
              30.51679460029061
            ],
            [
              59.42496119969968,
              30.25262589976552
            ],
            [
              59.43357359954206,
              29.87177849957817
            ],
            [
              59.463571699574345,
              29.374269100138918
            ],
            [
              59.5707959003106,
              29.082039100224335
            ],
            [
              59.496903199722965,
              28.960930000219378
            ],
            [
              59.550515500190215,
              28.815929199572963
            ],
            [
              59.56524110009673,
              28.509810499854723
            ],
            [
              59.53634799976044,
              28.473139700037166
            ],
            [
              59.23050630022561,
              28.476473199978273
            ],
            [
              59.061989300066216,
              28.416278099554688
            ],
            [
              59.12254779944146,
              28.363219099781702
            ],
            [
              59.16143919985922,
              28.25071859998343
            ],
            [
              59.148384300195346,
              28.127376299876403
            ],
            [
              59.014554600114764,
              28.107065599797636
            ],
            [
              58.933823099456504,
              28.029801099840938
            ],
            [
              58.89049009943858,
              27.89812349989967
            ],
            [
              58.90104259953637,
              27.57645679994141
            ],
            [
              58.83103640010984,
              27.25367349993212
            ],
            [
              58.848542200162456,
              27.101727700073354
            ],
            [
              58.91298759999779,
              26.99992960027089
            ],
            [
              58.850761499443706,
              26.831160500356873
            ],
            [
              58.99049260025333,
              26.759219999503443
            ],
            [
              59.01771189948465,
              26.656159200286936
            ],
            [
              58.99965879991373,
              26.596439000359624
            ],
            [
              59.03743820031275,
              26.54754810016476
            ],
            [
              59.00035510000794,
              26.50032289998188
            ],
            [
              58.92243310030739,
              26.51504349965785
            ],
            [
              58.843814199765575,
              26.48310649996506
            ]
          ]
        ]
      }
    },
    {
      "type": "Feature",
      "properties": {
        "id": "qom",
        "name": "قم"
      },
      "geometry": {
        "type": "Polygon",
        "coordinates": [
          [
            [
              50.90818869954887,
              34.151882599602345
            ],
            [
              50.994860799686194,
              34.23466399964394
            ],
            [
              51.011526900046476,
              34.37216749953052
            ],
            [
              51.127365399993266,
              34.43272129994807
            ],
            [
              51.83416779950437,
              34.505955900044796
            ],
            [
              51.96490459976752,
              34.865238699706254
            ],
            [
              51.73322719967558,
              35.00162980027511
            ],
            [
              51.599328900208604,
              35.01773160033315
            ],
            [
              51.488769999835654,
              35.106906100036554
            ],
            [
              51.17042029995696,
              35.17829669963305
            ],
            [
              51.012359100292315,
              35.13801510021676
            ],
            [
              50.849009299739464,
              35.173028599690156
            ],
            [
              50.65373019948919,
              35.0182897996346
            ],
            [
              50.705123000126434,
              34.86828679979601
            ],
            [
              50.48927909995058,
              34.860230199863906
            ],
            [
              50.40927380004587,
              34.75190270004964
            ],
            [
              50.251488699443996,
              34.81467870006202
            ],
            [
              50.15982010001767,
              34.81439890028906
            ],
            [
              50.08648109942328,
              34.58239110006929
            ],
            [
              50.157040599544075,
              34.50911749997272
            ],
            [
              50.14815419965663,
              34.473283600258014
            ],
            [
              50.33510520004501,
              34.44216880034992
            ],
            [
              50.43233429958832,
              34.2068835000735
            ],
            [
              50.51706020026808,
              34.18993390012946
            ],
            [
              50.65345520029729,
              34.25549380009886
            ],
            [
              50.727623999947696,
              34.21521419987545
            ],
            [
              50.79623989965171,
              34.23605369951866
            ],
            [
              50.90818869954887,
              34.151882599602345
            ]
          ]
        ]
      }
    },
    {
      "type": "Feature",
      "properties": {
        "id": "alborz",
        "name": "البرز"
      },
      "geometry": {
        "type": "Polygon",
        "coordinates": [
          [
            [
              50.8479126997114,
              36.294016100362796
            ],
            [
              50.49594280022012,
              36.34221419972556
            ],
            [
              50.41349779968374,
              36.309040799493346
            ],
            [
              50.43206360005513,
              36.24524509958172
            ],
            [
              50.67817450025302,
              36.115261200044415
            ],
            [
              50.577612200242925,
              36.08248669950166
            ],
            [
              50.54733629963056,
              36.01831350016795
            ],
            [
              50.41677460006781,
              35.9938719000682
            ],
            [
              50.37316180027693,
              35.89830849963761
            ],
            [
              50.2504030000984,
              35.80693800028854
            ],
            [
              50.243710699589144,
              35.64775079995951
            ],
            [
              50.16870799997429,
              35.62413849979197
            ],
            [
              50.17954149954062,
              35.58469359992972
            ],
            [
              50.22954420010478,
              35.5413610001101
            ],
            [
              50.353439299983734,
              35.570529300187104
            ],
            [
              50.39702139961793,
              35.638353599539016
            ],
            [
              50.88651949977515,
              35.714419900358166
            ],
            [
              50.914197299465854,
              35.68983699967782
            ],
            [
              50.956488899842896,
              35.725829600056045
            ],
            [
              51.00246999949093,
              35.69503689953336
            ],
            [
              51.025505099480824,
              35.741802799759455
            ],
            [
              51.11458349942899,
              35.73052989953527
            ],
            [
              51.089009900186795,
              35.742834600036815
            ],
            [
              51.092917000319346,
              35.808586599691864
            ],
            [
              51.24320170019837,
              35.93997719988789
            ],
            [
              51.413070699753064,
              35.893106800238684
            ],
            [
              51.40654310018397,
              35.97720899949576
            ],
            [
              51.4568224996587,
              36.06082380037816
            ],
            [
              51.45929029960769,
              36.14010339955229
            ],
            [
              51.26792429976666,
              36.18415869996409
            ],
            [
              51.20153190007716,
              36.162488099945904
            ],
            [
              50.8479126997114,
              36.294016100362796
            ]
          ]
        ]
      }
    },
    {
      "type": "Feature",
      "properties": {
        "id": "east-azerbaijan",
        "name": "آذربایجان شرقی"
      },
      "geometry": {
        "type": "Polygon",
        "coordinates": [
          [
            [
              48.333337799699734,
              37.242513700047255
            ],
            [
              48.14943910013443,
              37.41612399982279
            ],
            [
              48.15527210022731,
              37.47835239994333
            ],
            [
              48.06082310010606,
              37.51473479977125
            ],
            [
              48.07915599855056,
              37.57835659957743
            ],
            [
              48.02165319943566,
              37.61224219991766
            ],
            [
              48.02554289858597,
              37.6544620002212
            ],
            [
              48.06665570000058,
              37.72947039973923
            ],
            [
              48.135271599704595,
              37.75224460010827
            ],
            [
              48.151104499772885,
              37.810304100254086
            ],
            [
              47.9994029998486,
              37.89495669989185
            ],
            [
              47.89303680000836,
              37.86835739957439
            ],
            [
              47.93775949990106,
              37.946691599937424
            ],
            [
              47.86220010015455,
              38.00669990038017
            ],
            [
              47.85219970015606,
              38.146698500035825
            ],
            [
              47.787473299952865,
              38.25142279952263
            ],
            [
              47.72469419997742,
              38.212255499691594
            ],
            [
              47.48273660011404,
              38.18197929960502
            ],
            [
              47.46884659989075,
              38.24948170012044
            ],
            [
              47.39856769993946,
              38.237812500146845
            ],
            [
              47.28717189856434,
              38.3022630000375
            ],
            [
              47.464122499853545,
              38.47809639962918
            ],
            [
              47.498568199762644,
              38.581158799638956
            ],
            [
              47.56885090024889,
              38.61170839992275
            ],
            [
              47.52579429966727,
              38.66976770041907
            ],
            [
              47.43578859976412,
              38.70032959983121
            ],
            [
              47.431344900246984,
              38.75644060005368
            ],
            [
              47.59801989999846,
              38.81894369989186
            ],
            [
              47.511623499624875,
              38.91589020007274
            ],
            [
              47.56301609971331,
              38.977556700181594
            ],
            [
              47.502180000306794,
              39.000053699818466
            ],
            [
              47.527459399831514,
              39.08061540038045
            ],
            [
              47.497456299568626,
              39.128396899597305
            ],
            [
              47.518568999759566,
              39.21978570015
            ],
            [
              47.48106580004668,
              39.272564499951784
            ],
            [
              47.50493480000108,
              39.295435599573295
            ],
            [
              47.4307924997741,
              39.3186376002451
            ],
            [
              47.36339899996392,
              39.42172560035624
            ],
            [
              47.315114000011135,
              39.36919359970494
            ],
            [
              47.09833030020326,
              39.276733800124816
            ],
            [
              47.01911030000042,
              39.16700140009459
            ],
            [
              46.83901940012527,
              39.13749740018494
            ],
            [
              46.75309280019263,
              39.025914000230955
            ],
            [
              46.69693829976279,
              39.019030199883844
            ],
            [
              46.53398319996478,
              38.86717200028761
            ],
            [
              46.34614039856058,
              38.91681979959412
            ],
            [
              46.14760060028755,
              38.84181109970257
            ],
            [
              46.06542039973169,
              38.887438600311214
            ],
            [
              45.90870759857688,
              38.87391690034474
            ],
            [
              45.797996800012356,
              38.92492780027783
            ],
            [
              45.45290469969217,
              38.992996500288314
            ],
            [
              45.26540310017299,
              38.855044299854626
            ],
            [
              45.27568370014268,
              38.73198769997242
            ],
            [
              45.233457199889926,
              38.66503999859714
            ],
            [
              45.340410598570315,
              38.48892820037622
            ],
            [
              45.09651049995966,
              38.349195300023155
            ],
            [
              45.10317730019233,
              38.26364089980774
            ],
            [
              45.15979030737685,
              38.26227998723169
            ],
            [
              45.20357367438561,
              38.200421898252046
            ],
            [
              45.50082391389259,
              37.54594967893456
            ],
            [
              45.71838249925298,
              37.26156952931041
            ],
            [
              45.78088960017499,
              37.22847100033647
            ],
            [
              45.7509926999532,
              37.183612900315154
            ],
            [
              46.004613200039216,
              37.15056050026692
            ],
            [
              46.17545599989455,
              36.99555120032767
            ],
            [
              46.18406879993523,
              36.94972480025939
            ],
            [
              46.28629439966687,
              36.971671100041306
            ],
            [
              46.44769189976142,
              37.10138870042823
            ],
            [
              46.49574849979348,
              37.09361290031512
            ],
            [
              46.472138900290076,
              37.01889170019189
            ],
            [
              46.72631609960837,
              37.07027639973609
            ],
            [
              46.86271149983588,
              36.99972969966598
            ],
            [
              46.83076480005553,
              36.967504800006566
            ],
            [
              46.89882449965097,
              36.894715099921996
            ],
            [
              46.877992498555045,
              36.779997300035404
            ],
            [
              46.997997499984706,
              36.745278100104315
            ],
            [
              47.09633609943148,
              36.83111080002345
            ],
            [
              47.19828529972688,
              36.79943710024202
            ],
            [
              47.30273329960215,
              36.89722780032275
            ],
            [
              47.49246440031186,
              37.000001199595715
            ],
            [
              47.52413390025936,
              37.06722740032433
            ],
            [
              47.59885999988916,
              37.03750810001884
            ],
            [
              47.66302900028819,
              37.099447799776215
            ],
            [
              47.76608769958773,
              37.07639910023835
            ],
            [
              47.77886750023498,
              37.13222469971015
            ],
            [
              47.87192629955911,
              37.1747277001233
            ],
            [
              47.97248520013193,
              37.155281199967476
            ],
            [
              47.99933310004258,
              37.112217000114526
            ],
            [
              48.0997138997767,
              37.155839499992965
            ],
            [
              48.15027329957314,
              37.221124800069504
            ],
            [
              48.333337799699734,
              37.242513700047255
            ]
          ]
        ]
      }
    },
    {
      "type": "Feature",
      "properties": {
        "id": "yazd",
        "name": "یزد"
      },
      "geometry": {
        "type": "Polygon",
        "coordinates": [
          [
            [
              56.60483779982468,
              31.92210599979211
            ],
            [
              56.59678119989252,
              31.999611400245954
            ],
            [
              56.653450599965254,
              32.08738390004697
            ],
            [
              56.2403767002246,
              32.576569099984056
            ],
            [
              55.972033800019915,
              32.739631200219776
            ],
            [
              55.82285929971698,
              32.774069299958285
            ],
            [
              55.686187799527374,
              32.931024999903855
            ],
            [
              55.511733700050286,
              33.25157940036911
            ],
            [
              55.38811870031782,
              33.364363799949444
            ],
            [
              55.324782799486684,
              33.35464019958562
            ],
            [
              55.1833846002192,
              33.298528300041085
            ],
            [
              54.991710400014995,
              33.12574570030387
            ],
            [
              54.89726159954324,
              33.180198699610344
            ],
            [
              54.744753499474484,
              33.065748500193195
            ],
            [
              54.55002279951265,
              33.09074969983885
            ],
            [
              54.348348800057124,
              33.05296349966585
            ],
            [
              54.22417710019306,
              32.89880029989399
            ],
            [
              53.941383999472066,
              32.79880120031521
            ],
            [
              53.84249199950625,
              32.686015500315136
            ],
            [
              53.46247369960162,
              32.69518029973108
            ],
            [
              53.186627399435,
              32.61768089955393
            ],
            [
              53.01523310022742,
              32.51545860033417
            ],
            [
              53.05884599984307,
              32.332115900328574
            ],
            [
              53.00967699959392,
              31.854606600314412
            ],
            [
              53.05301309957491,
              31.745990300312144
            ],
            [
              53.203574299614274,
              31.590158199841085
            ],
            [
              52.99773059978742,
              31.496264700155848
            ],
            [
              52.80105659978233,
              31.494874299709238
            ],
            [
              52.9507845995297,
              31.389879500338736
            ],
            [
              52.978287599792964,
              31.32265040019587
            ],
            [
              52.94578469990404,
              31.24098799959654
            ],
            [
              52.831612999840104,
              31.186535799787407
            ],
            [
              52.911895299928176,
              31.121261699867603
            ],
            [
              52.969397900292904,
              31.01459339976566
            ],
            [
              53.377472100057446,
              30.825416099773236
            ],
            [
              53.45858439975029,
              30.73736380019926
            ],
            [
              53.73498699985021,
              30.689025299577963
            ],
            [
              53.87943840016209,
              30.630137999569058
            ],
            [
              53.92916099968045,
              30.557075400209612
            ],
            [
              53.89860469944739,
              30.445682500047383
            ],
            [
              53.92610779953537,
              30.34901409992085
            ],
            [
              53.86415860023925,
              30.19374190026855
            ],
            [
              53.93999760010922,
              30.061517800306262
            ],
            [
              54.0980585002996,
              29.93845329987994
            ],
            [
              54.105558400100165,
              29.789009000265196
            ],
            [
              54.2427863998725,
              29.596223300065276
            ],
            [
              54.472242999714695,
              29.640953699953343
            ],
            [
              54.561411599865494,
              29.62649729951079
            ],
            [
              54.54502209949038,
              30.189293900193377
            ],
            [
              54.33668179982527,
              30.380965499558215
            ],
            [
              54.48001970004918,
              30.478466099930642
            ],
            [
              54.55946860019577,
              30.582632399765487
            ],
            [
              54.53307910002053,
              31.014033900044524
            ],
            [
              54.711696600118046,
              31.065981800020097
            ],
            [
              54.946429900119824,
              31.028196299519664
            ],
            [
              55.74007560010892,
              31.274596499928577
            ],
            [
              55.93841969960948,
              31.37681579990931
            ],
            [
              56.01286519996904,
              31.464873699561622
            ],
            [
              56.035088499934375,
              31.57043070021672
            ],
            [
              56.121195299723354,
              31.59067120011582
            ],
            [
              56.16050219951694,
              31.552608300132988
            ],
            [
              56.25565540027657,
              31.553493500125
            ],
            [
              56.57900439993318,
              31.711274099620027
            ],
            [
              56.60483779982468,
              31.92210599979211
            ]
          ]
        ]
      }
    },
    {
      "type": "Feature",
      "properties": {
        "id": "hormozgan",
        "name": "هرمزگان"
      },
      "geometry": {
        "type": "MultiPolygon",
        "coordinates": [
          [
            [
              [
                55.24783100010063,
                28.747038100128293
              ],
              [
                55.45117440027843,
                28.552316600230995
              ],
              [
                55.407838300297385,
                28.418416799795523
              ],
              [
                55.38672500025859,
                27.99869299988211
              ],
              [
                55.5006198997886,
                27.923411700189888
              ],
              [
                55.58006519994905,
                27.80869059979142
              ],
              [
                55.25672009975284,
                27.49562909970325
              ],
              [
                55.12560220008152,
                27.430071000176554
              ],
              [
                54.628913399633745,
                27.46785089969933
              ],
              [
                54.35306770021424,
                27.458684600214156
              ],
              [
                54.10944819997451,
                27.408123999822806
              ],
              [
                53.9686071001376,
                27.350066399944467
              ],
              [
                54.034999400002334,
                27.230064000253435
              ],
              [
                53.93332760008872,
                27.123677799490906
              ],
              [
                53.793323199805855,
                27.04561700022441
              ],
              [
                53.54192390016789,
                27.15784319960403
              ],
              [
                53.49608799966148,
                27.1011745999279
              ],
              [
                53.40969609949548,
                27.113949900367686
              ],
              [
                53.35358019976644,
                27.191174099904856
              ],
              [
                52.94467670006969,
                27.32951559976516
              ],
              [
                52.88522759987387,
                27.29284110013674
              ],
              [
                52.8165666000686,
                27.32372819979662
              ],
              [
                52.73792139975285,
                27.274306499945055
              ],
              [
                52.959316899455416,
                27.138726099529947
              ],
              [
                53.45958499984789,
                26.980031400328926
              ],
              [
                53.494854699984444,
                26.84770859977209
              ],
              [
                53.7258439001759,
                26.701149200275438
              ],
              [
                53.752450000267345,
                26.730594200162273
              ],
              [
                53.834135799427656,
                26.70784390017593
              ],
              [
                54.01063809946879,
                26.757726099679815
              ],
              [
                54.191754199496756,
                26.704219199756324
              ],
              [
                54.28657690030377,
                26.732281099892873
              ],
              [
                54.39050670002422,
                26.604963299916392
              ],
              [
                54.55955389999252,
                26.590440499829242
              ],
              [
                54.62387359978686,
                26.50017689954433
              ],
              [
                54.84602560020136,
                26.518217199963885
              ],
              [
                54.99618939972106,
                26.645994200072323
              ],
              [
                55.05634719986341,
                26.642392800187622
              ],
              [
                55.25341749961797,
                26.783184699914045
              ],
              [
                55.46847689958929,
                26.7522977999036
              ],
              [
                55.57411870001806,
                26.825917299943512
              ],
              [
                55.53909689980213,
                26.84621190035898
              ],
              [
                55.573471899508604,
                26.85226639987451
              ],
              [
                55.53212169955685,
                26.85894140012556
              ],
              [
                55.57356309975728,
                26.852939199784316
              ],
              [
                55.54904580012362,
                26.868640600083666
              ],
              [
                55.5927119000342,
                26.874127800057977
              ],
              [
                55.58865859981461,
                26.90272779964829
              ],
              [
                55.5511402995852,
                26.895219199806263
              ],
              [
                55.67738559956581,
                26.972505600053466
              ],
              [
                55.63797859983259,
                26.979458099611634
              ],
              [
                55.77335059945068,
                26.980559699870298
              ],
              [
                55.74796969974193,
                27.034779999597333
              ],
              [
                55.77100360003618,
                27.05965190011517
              ],
              [
                55.74975249957822,
                27.03071359985279
              ],
              [
                55.81004669989534,
                26.976662999497876
              ],
              [
                55.81116360031996,
                27.005943900090983
              ],
              [
                55.835506099626855,
                26.983932799659044
              ],
              [
                55.95811419951076,
                27.01959280016763
              ],
              [
                56.13898470008388,
                27.15350000022488
              ],
              [
                56.20211279996579,
                27.1284643997123
              ],
              [
                56.20322649970325,
                27.153284099981306
              ],
              [
                56.20637500010622,
                27.129424999763955
              ],
              [
                56.34038940025067,
                27.18400219994163
              ],
              [
                56.44978220008852,
                27.148512200078017
              ],
              [
                56.57940719998237,
                27.145279099550862
              ],
              [
                56.55866139980384,
                27.163940300004867
              ],
              [
                56.59114749945758,
                27.173119699914253
              ],
              [
                56.58055719995485,
                27.1447939000185
              ],
              [
                56.607294199967384,
                27.14261779967177
              ],
              [
                56.618447799726255,
                27.175547800190884
              ],
              [
                56.644293599470075,
                27.138302199586917
              ],
              [
                56.66366219945098,
                27.17416580031147
              ],
              [
                56.65115219991412,
                27.12626549975306
              ],
              [
                56.6857639002838,
                27.167456699567083
              ],
              [
                56.67301310007457,
                27.130359700240035
              ],
              [
                56.71528869971377,
                27.127383199674966
              ],
              [
                56.711459700305,
                27.163544199904948
              ],
              [
                56.75489859999044,
                27.0896646995663
              ],
              [
                56.81369419972759,
                27.1581411000318
              ],
              [
                56.78197279990485,
                27.06678189976492
              ],
              [
                56.872233599700905,
                27.116151400266972
              ],
              [
                56.79420969961802,
                27.062091099824443
              ],
              [
                56.823029399986865,
                27.0407488998419
              ],
              [
                56.86782170021132,
                27.06223329972704
              ],
              [
                56.83113670009868,
                27.043473899600826
              ],
              [
                56.860801899887804,
                27.02040749960645
              ],
              [
                56.82410829955842,
                27.04021970007915
              ],
              [
                56.85377829992865,
                27.012408899651064
              ],
              [
                56.90836360029999,
                27.05930829973829
              ],
              [
                56.85397060016311,
                27.011544699728177
              ],
              [
                56.876565299449055,
                27.002827500089097
              ],
              [
                56.93481669963103,
                27.056342199832727
              ],
              [
                56.86212859955526,
                27.006253899997546
              ],
              [
                56.91084749991222,
                26.979634700381155
              ],
              [
                56.95914279980042,
                27.019803100332865
              ],
              [
                56.96461669970097,
                26.964716699516146
              ],
              [
                56.92562420019675,
                26.973629999924583
              ],
              [
                56.953883099525456,
                26.94052279968753
              ],
              [
                56.91262669976243,
                26.96559890026907
              ],
              [
                56.94734920020545,
                26.9216014001845
              ],
              [
                56.98592859972513,
                26.923731400383872
              ],
              [
                56.92888280010118,
                26.94001719993389
              ],
              [
                56.93411559985509,
                26.917416100172943
              ],
              [
                57.01160999980169,
                26.907270799607772
              ],
              [
                56.936276400035865,
                26.908161699502898
              ],
              [
                57.013464699536314,
                26.825022800062243
              ],
              [
                57.08651049955995,
                26.597826600317376
              ],
              [
                57.05139590010077,
                26.45468749972838
              ],
              [
                57.105635299629455,
                26.44724559990459
              ],
              [
                57.05349249947932,
                26.43773720011177
              ],
              [
                57.06215720029462,
                26.35750250024023
              ],
              [
                57.09473059983736,
                26.366884399595392
              ],
              [
                57.06869579947164,
                26.350325799695952
              ],
              [
                57.08577469944288,
                26.30859109999932
              ],
              [
                57.08026920006358,
                26.34723139980929
              ],
              [
                57.08981750007763,
                26.317517199559177
              ],
              [
                57.110799400172255,
                26.335059999519387
              ],
              [
                57.09122329961565,
                26.310446899604756
              ],
              [
                57.12630469970219,
                26.229402799999264
              ],
              [
                57.21548390016193,
                26.156434999975318
              ],
              [
                57.171581599611216,
                26.098965299509018
              ],
              [
                57.1702070002529,
                26.025253000225803
              ],
              [
                57.2728658996416,
                25.938285499776043
              ],
              [
                57.30094760015169,
                25.802004799981603
              ],
              [
                57.32984309987921,
                25.788771699654262
              ],
              [
                57.3024557002704,
                25.790145200041025
              ],
              [
                57.656785599775674,
                25.72460609959188
              ],
              [
                57.73932620004416,
                25.744346099792722
              ],
              [
                57.78992309977127,
                25.670125299542974
              ],
              [
                57.81236389987413,
                25.68868749992822
              ],
              [
                57.79585169959631,
                25.666833600090627
              ],
              [
                57.779066500218846,
                25.699447499702387
              ],
              [
                57.76469059989131,
                25.63600749964644
              ],
              [
                57.93738920025146,
                25.706039800096733
              ],
              [
                58.03053559983812,
                25.644416099623356
              ],
              [
                57.99861419978555,
                25.64535950014084
              ],
              [
                58.029331199875,
                25.60207339976762
              ],
              [
                58.060355000083234,
                25.611767200196198
              ],
              [
                58.03848480003353,
                25.5934978001834
              ],
              [
                58.11592310027089,
                25.558810599929302
              ],
              [
                58.213545000301565,
                25.583509200189496
              ],
              [
                58.24653369957065,
                25.56176260026382
              ],
              [
                58.34748279979141,
                25.589902499500795
              ],
              [
                58.329188899548114,
                25.611783600233025
              ],
              [
                58.46008749953853,
                25.583658699889156
              ],
              [
                58.5530749997115,
                25.606544700377697
              ],
              [
                58.68352189991583,
                25.568392100215306
              ],
              [
                58.80983470031123,
                25.57576920028839
              ],
              [
                59.028167199956386,
                25.412988599544292
              ],
              [
                59.10949309942703,
                25.403595799506604
              ],
              [
                59.24273249980507,
                25.444200599977762
              ],
              [
                59.223811700149895,
                25.46374720007327
              ],
              [
                59.12208749943858,
                25.428778600152327
              ],
              [
                59.14905860017433,
                25.440912799985767
              ],
              [
                59.12236780013393,
                25.439990000238367
              ],
              [
                59.13705280014665,
                25.49369579962149
              ],
              [
                59.15305469991455,
                25.45643529994919
              ],
              [
                59.21435559953136,
                25.51710050028788
              ],
              [
                59.218833000242796,
                25.740587799687262
              ],
              [
                58.997710800013465,
                25.937813999616424
              ],
              [
                59.08048919991671,
                25.99615200001483
              ],
              [
                59.082716299917365,
                26.03031270027094
              ],
              [
                58.98298460025916,
                26.2172626997139
              ],
              [
                58.9760453000506,
                26.28671000016641
              ],
              [
                58.94326580017662,
                26.33559609978022
              ],
              [
                58.879653499909125,
                26.353383000025474
              ],
              [
                58.88437359976189,
                26.42365579987529
              ],
              [
                58.843814199765575,
                26.48310649996506
              ],
              [
                58.64519779993856,
                26.558659599960606
              ],
              [
                58.43546809987299,
                26.732274800141965
              ],
              [
                58.19184570021895,
                26.77922279959256
              ],
              [
                57.99183559943344,
                26.91561249991696
              ],
              [
                57.79849219995509,
                26.94311540035551
              ],
              [
                57.598209100069994,
                27.101172199637347
              ],
              [
                57.544036799858475,
                27.18450910011495
              ],
              [
                57.38681289959567,
                27.26617540017463
              ],
              [
                57.31625400022199,
                27.360623199700967
              ],
              [
                57.3090080995442,
                27.468500300148776
              ],
              [
                57.358712499482294,
                27.57448799962151
              ],
              [
                57.30157820027375,
                27.59804610034729
              ],
              [
                57.260817200153724,
                27.565585299522013
              ],
              [
                57.223051199653185,
                27.576840600013725
              ],
              [
                57.32569410010268,
                27.7064580995617
              ],
              [
                57.47514509966669,
                27.79257019995481
              ],
              [
                57.42514640018629,
                27.81007480031184
              ],
              [
                57.41653300029776,
                27.89062799958259
              ],
              [
                57.204026499523366,
                27.89479569986173
              ],
              [
                57.00818290022073,
                27.9739721998572
              ],
              [
                56.99993119956525,
                28.235435899747017
              ],
              [
                56.74900740027135,
                28.26536510001938
              ],
              [
                56.65205880017356,
                28.143136800023342
              ],
              [
                56.44454869976272,
                28.130639800186657
              ],
              [
                56.25509499943473,
                28.16119920038284
              ],
              [
                56.12398050010006,
                28.218971799708868
              ],
              [
                56.055921500177135,
                28.294255300042096
              ],
              [
                56.036475199670804,
                28.376201599524222
              ],
              [
                56.051198799485064,
                28.8803749996066
              ],
              [
                55.815632200265895,
                28.81953880037537
              ],
              [
                55.51895349970431,
                28.693706700204075
              ],
              [
                55.24783100010063,
                28.747038100128293
              ]
            ]
          ],
          [
            [
              [
                56.453538099903426,
                27.101463900138924
              ],
              [
                56.425961099824974,
                27.04525499971851
              ],
              [
                56.49560329955267,
                27.04277920029989
              ],
              [
                56.493336400054886,
                27.087064999650067
              ],
              [
                56.453538099903426,
                27.101463900138924
              ]
            ]
          ],
          [
            [
              [
                56.15619640024374,
                26.99885360011359
              ],
              [
                55.888520799695186,
                26.902237500060608
              ],
              [
                55.73410689951385,
                26.944671099791492
              ],
              [
                55.81836330012624,
                26.78929470019034
              ],
              [
                55.671631599518776,
                26.76868480016344
              ],
              [
                55.34700360023601,
                26.655043299908414
              ],
              [
                55.261781700065455,
                26.656841399910718
              ],
              [
                55.274598099522734,
                26.550221399697875
              ],
              [
                55.489737499586,
                26.588622499628684
              ],
              [
                55.8520157997894,
                26.731972799704977
              ],
              [
                55.94417939955969,
                26.69014889985192
              ],
              [
                56.11100389991009,
                26.809226700252054
              ],
              [
                56.17006469982607,
                26.90855109965355
              ],
              [
                56.28659689992702,
                26.944611699570316
              ],
              [
                56.15619640024374,
                26.99885360011359
              ]
            ]
          ],
          [
            [
              [
                56.35789430008191,
                26.888756599637418
              ],
              [
                56.319962099471354,
                26.849578599672668
              ],
              [
                56.334519799549184,
                26.82110199965763
              ],
              [
                56.41262279950263,
                26.859436000271273
              ],
              [
                56.35789430008191,
                26.888756599637418
              ]
            ]
          ],
          [
            [
              [
                53.17353799997875,
                26.850390700070818
              ],
              [
                53.170899200237955,
                26.826706199631474
              ],
              [
                53.246150399621285,
                26.79487949998901
              ],
              [
                53.388995899441284,
                26.797403899670257
              ],
              [
                53.17353799997875,
                26.850390700070818
              ]
            ]
          ],
          [
            [
              [
                55.564078899821425,
                26.81327810020423
              ],
              [
                55.549301699513876,
                26.81312470014484
              ],
              [
                55.548055799435645,
                26.799531399754358
              ],
              [
                55.564078899821425,
                26.81327810020423
              ]
            ]
          ],
          [
            [
              [
                53.406119600039574,
                26.795134699706693
              ],
              [
                53.41005609990913,
                26.78789929951313
              ],
              [
                53.42075199960516,
                26.79317370010625
              ],
              [
                53.406119600039574,
                26.795134699706693
              ]
            ]
          ],
          [
            [
              [
                53.61041169954035,
                26.695262499864555
              ],
              [
                53.59744169947493,
                26.670264500006738
              ],
              [
                53.629433299707046,
                26.65741080026828
              ],
              [
                53.67179639978406,
                26.677983300189226
              ],
              [
                53.61041169954035,
                26.695262499864555
              ]
            ]
          ],
          [
            [
              [
                55.89199189950659,
                26.68594810002486
              ],
              [
                55.85692969994574,
                26.61112470004491
              ],
              [
                55.90185219951945,
                26.62977359957199
              ],
              [
                55.89199189950659,
                26.68594810002486
              ]
            ]
          ],
          [
            [
              [
                53.95634529999563,
                26.574372199517427
              ],
              [
                53.898104500122656,
                26.548046400121336
              ],
              [
                53.911642199927655,
                26.52159920034285
              ],
              [
                54.04399049986171,
                26.505932799858897
              ],
              [
                54.02324359981236,
                26.562689999843656
              ],
              [
                53.95634529999563,
                26.574372199517427
              ]
            ]
          ],
          [
            [
              [
                54.529296100035026,
                26.254607099837813
              ],
              [
                54.53883770009986,
                26.30518029973109
              ],
              [
                54.507482099519336,
                26.314225699756264
              ],
              [
                54.4888846996692,
                26.295225300207505
              ],
              [
                54.529296100035026,
                26.254607099837813
              ]
            ]
          ],
          [
            [
              [
                55.31579660003314,
                26.28178780016691
              ],
              [
                55.29638709978491,
                26.24784839968396
              ],
              [
                55.322692999882065,
                26.249013500172964
              ],
              [
                55.31579660003314,
                26.28178780016691
              ]
            ]
          ],
          [
            [
              [
                55.14350510028021,
                26.246670199670007
              ],
              [
                55.14405730020428,
                26.23473600006639
              ],
              [
                55.15345320020509,
                26.23676839954203
              ],
              [
                55.14350510028021,
                26.246670199670007
              ]
            ]
          ],
          [
            [
              [
                54.439293500095005,
                26.123657199819945
              ],
              [
                54.4367612996943,
                26.113546399946472
              ],
              [
                54.44707669982989,
                26.11749130038328
              ],
              [
                54.439293500095005,
                26.123657199819945
              ]
            ]
          ],
          [
            [
              [
                54.5440279996925,
                25.932531899927312
              ],
              [
                54.49471440014952,
                25.903485799729935
              ],
              [
                54.5525929998671,
                25.894546699570583
              ],
              [
                54.5440279996925,
                25.932531899927312
              ]
            ]
          ],
          [
            [
              [
                54.51350169994356,
                25.92758919988171
              ],
              [
                54.51399689993701,
                25.927902500300206
              ],
              [
                54.51367309993367,
                25.928204700386686
              ],
              [
                54.51350169994356,
                25.92758919988171
              ]
            ]
          ],
          [
            [
              [
                54.51276299951286,
                25.927559200296912
              ],
              [
                54.51264059998374,
                25.92752750009413
              ],
              [
                54.512745599429934,
                25.927485300306387
              ],
              [
                54.51276299951286,
                25.927559200296912
              ]
            ]
          ],
          [
            [
              [
                54.512542000113285,
                25.92688469976912
              ],
              [
                54.51256610014548,
                25.927020299547223
              ],
              [
                54.51235720022464,
                25.9269978003083
              ],
              [
                54.512542000113285,
                25.92688469976912
              ]
            ]
          ],
          [
            [
              [
                54.4936214001076,
                25.92040609976175
              ],
              [
                54.4924202997571,
                25.919961099924876
              ],
              [
                54.493933900129434,
                25.91917530019998
              ],
              [
                54.4936214001076,
                25.92040609976175
              ]
            ]
          ],
          [
            [
              [
                55.03965329966013,
                25.899644500293505
              ],
              [
                55.00911250014184,
                25.87645679974156
              ],
              [
                55.03504170031425,
                25.855502499840554
              ],
              [
                55.0566063997656,
                25.860548100314645
              ],
              [
                55.03965329966013,
                25.899644500293505
              ]
            ]
          ],
          [
            [
              [
                59.214365799641996,
                25.516947600251626
              ],
              [
                59.15714190007867,
                25.448131700317788
              ],
              [
                59.217990699711095,
                25.467651399892247
              ],
              [
                59.214365799641996,
                25.516947600251626
              ]
            ]
          ]
        ]
      }
    },
    {
      "type": "Feature",
      "properties": {
        "id": "khuzestan",
        "name": "خوزستان"
      },
      "geometry": {
        "type": "MultiPolygon",
        "coordinates": [
          [
            [
              [
                47.66411099982281,
                32.04854200011329
              ],
              [
                47.71241799989082,
                32.018894999904376
              ],
              [
                47.73171100016259,
                31.939258000256586
              ],
              [
                47.80985999953941,
                31.881373000063945
              ],
              [
                47.8053369996029,
                31.842577999774903
              ],
              [
                47.86585499980845,
                31.783613000139894
              ],
              [
                47.68297099991179,
                31.394608999905472
              ],
              [
                47.68322559978168,
                30.99848720022419
              ],
              [
                48.03218950004543,
                30.99537409983492
              ],
              [
                48.02441510017678,
                30.477346499741202
              ],
              [
                48.15116049965741,
                30.435120100212487
              ],
              [
                48.20273309995264,
                30.3205769001039
              ],
              [
                48.27273259942996,
                30.33608739951393
              ],
              [
                48.40805599968468,
                30.211389000002384
              ],
              [
                48.382749900187775,
                30.123194600350587
              ],
              [
                48.43833300016786,
                30.072500000074967
              ],
              [
                48.46179539953812,
                29.99155560021086
              ],
              [
                48.67914989994796,
                29.888808399987738
              ],
              [
                48.711548799537525,
                30.00493089954142
              ],
              [
                48.57253599983659,
                30.120116700325525
              ],
              [
                48.58316909987411,
                30.196149700148567
              ],
              [
                48.46983759952565,
                30.190488500244157
              ],
              [
                48.57929589968609,
                30.202865499942902
              ],
              [
                48.581413400208305,
                30.11252410020711
              ],
              [
                48.72490190000275,
                30.012415500075292
              ],
              [
                48.7429621995459,
                30.08590970027251
              ],
              [
                48.715088599459364,
                30.152825300347388
              ],
              [
                48.59217940025917,
                30.24251829967983
              ],
              [
                48.647452199959105,
                30.23043809963866
              ],
              [
                48.61495359972889,
                30.265426099734782
              ],
              [
                48.661090800100396,
                30.208574999736527
              ],
              [
                48.7813082996384,
                30.156656100198916
              ],
              [
                48.807639199989126,
                30.128850300001375
              ],
              [
                48.75007999989214,
                30.156403299872466
              ],
              [
                48.8812609995955,
                30.057123200175624
              ],
              [
                48.87177429954437,
                30.036441299526416
              ],
              [
                48.926521799841225,
                30.03290649983518
              ],
              [
                48.9400649998999,
                30.088149100300768
              ],
              [
                48.91097419979951,
                30.137199999780194
              ],
              [
                48.8219768998141,
                30.183539400123266
              ],
              [
                48.92301129983167,
                30.111649499624775
              ],
              [
                48.95314299954987,
                30.126116600200987
              ],
              [
                48.95414440004407,
                30.189311900124153
              ],
              [
                48.90066220000057,
                30.28147499987142
              ],
              [
                48.8280022001415,
                30.33208779961234
              ],
              [
                48.73451199962915,
                30.299102499780588
              ],
              [
                48.690739900226276,
                30.35703970022206
              ],
              [
                48.735705800182586,
                30.30139469990553
              ],
              [
                48.82098719949971,
                30.335406699959265
              ],
              [
                48.878902800024264,
                30.316841100136685
              ],
              [
                48.92388279955162,
                30.407581100087725
              ],
              [
                49.01168310009507,
                30.39888329972456
              ],
              [
                49.055589700304495,
                30.4252713996554
              ],
              [
                48.95125439987072,
                30.466556899681223
              ],
              [
                49.00385690017583,
                30.466034399867738
              ],
              [
                48.99764639976161,
                30.508942800270063
              ],
              [
                49.02893719969205,
                30.45787079949787
              ],
              [
                49.04669830018645,
                30.490766099675795
              ],
              [
                49.0375806000647,
                30.464573599591972
              ],
              [
                49.06706030029267,
                30.464391100169166
              ],
              [
                49.05941419950574,
                30.5120222003643
              ],
              [
                49.0780933000658,
                30.456064399652348
              ],
              [
                49.03141440025445,
                30.45576140006858
              ],
              [
                49.07014249997644,
                30.42342470028973
              ],
              [
                49.11738060003472,
                30.435021399617938
              ],
              [
                49.101910799443885,
                30.514109400028815
              ],
              [
                49.14431169982515,
                30.49248499998282
              ],
              [
                49.146189700094624,
                30.45017389960583
              ],
              [
                49.158613899811655,
                30.50819560034671
              ],
              [
                49.161208099474266,
                30.447786099748782
              ],
              [
                49.20810389957535,
                30.511756400337674
              ],
              [
                49.192544999552126,
                30.468761899741935
              ],
              [
                49.24628999948396,
                30.46477579956354
              ],
              [
                49.21870690020336,
                30.457031400179005
              ],
              [
                49.24154669982039,
                30.430027500268977
              ],
              [
                49.32178720031908,
                30.47275860022927
              ],
              [
                49.283394699705696,
                30.447859399891456
              ],
              [
                49.31077939954969,
                30.43672220016947
              ],
              [
                49.248311400251,
                30.42797440019848
              ],
              [
                49.26171469997348,
                30.409957500138546
              ],
              [
                49.188571699424415,
                30.4074275003789
              ],
              [
                49.26906140026347,
                30.391926399783586
              ],
              [
                49.241440300129796,
                30.373089700229514
              ],
              [
                49.19411440015949,
                30.40048689975066
              ],
              [
                49.26681919974635,
                30.31207499996134
              ],
              [
                49.21956359978037,
                30.35060830023292
              ],
              [
                49.259873900160414,
                30.291370299699622
              ],
              [
                49.21834250030622,
                30.156554699839603
              ],
              [
                49.24632920003262,
                30.130598299671817
              ],
              [
                49.44718759982794,
                30.143208199498872
              ],
              [
                49.474528799464565,
                30.11181569973479
              ],
              [
                49.49300770014531,
                30.143938399537547
              ],
              [
                49.56050110024563,
                30.00514279960055
              ],
              [
                49.942073999715376,
                30.20864009986076
              ],
              [
                50.038337599700526,
                30.210026799597188
              ],
              [
                50.11237339951282,
                30.15070300014338
              ],
              [
                50.20000709974789,
                30.294962399695066
              ],
              [
                50.41657629955665,
                30.182189700294487
              ],
              [
                50.52058399945207,
                30.165516899984993
              ],
              [
                50.52075939962663,
                30.390424499591006
              ],
              [
                50.38645549962166,
                30.524084000276446
              ],
              [
                50.506011899429666,
                30.53058160026069
              ],
              [
                50.54956620012007,
                30.56305520023733
              ],
              [
                50.53390129970529,
                30.599643400022956
              ],
              [
                50.42372769947383,
                30.665133699660544
              ],
              [
                50.3928410000122,
                30.731307699890465
              ],
              [
                50.335441700274316,
                30.708715599645245
              ],
              [
                50.25417689984408,
                30.755576300106213
              ],
              [
                50.21042249999846,
                30.932263499860653
              ],
              [
                50.069747899745835,
                30.82993170008797
              ],
              [
                50.033340499664405,
                30.871307699790577
              ],
              [
                49.95550529982978,
                30.877363999748866
              ],
              [
                49.95114139985577,
                30.929371299945615
              ],
              [
                49.88621150016064,
                30.964259600300352
              ],
              [
                49.97142999999454,
                31.012925900210178
              ],
              [
                49.94751749983283,
                31.074862599829146
              ],
              [
                49.98999419957272,
                31.125672500385633
              ],
              [
                49.95466999962082,
                31.211404700166838
              ],
              [
                50.15270629985588,
                31.251831700172886
              ],
              [
                50.246761199969455,
                31.30648900026722
              ],
              [
                50.29983170027282,
                31.35847860000746
              ],
              [
                50.2540908994755,
                31.44833819964822
              ],
              [
                50.37511049984977,
                31.541234100273584
              ],
              [
                50.39237979978799,
                31.60139150021763
              ],
              [
                50.457542300137106,
                31.614155800150115
              ],
              [
                50.44703679950874,
                31.645225900155197
              ],
              [
                50.23962019981241,
                31.940171599939447
              ],
              [
                49.93682079974019,
                32.18607410023958
              ],
              [
                49.907890300197266,
                32.320274999991284
              ],
              [
                49.36925879945409,
                32.843575399884855
              ],
              [
                49.2179906999109,
                32.85216579961201
              ],
              [
                49.00610350017644,
                32.915382999825624
              ],
              [
                48.89987559987907,
                32.88494070035307
              ],
              [
                48.76488490021802,
                32.968357899497505
              ],
              [
                48.768688199700705,
                32.92298599970417
              ],
              [
                48.718580999713424,
                32.8960203002967
              ],
              [
                48.70931639983206,
                32.93645899958324
              ],
              [
                48.632473000228856,
                32.97472459956066
              ],
              [
                48.389679000285696,
                32.96545379975311
              ],
              [
                48.27459719980101,
                32.99633380016479
              ],
              [
                48.179687499478575,
                32.90094069985349
              ],
              [
                48.132747700046366,
                32.91717589994789
              ],
              [
                48.12882229960951,
                32.870469300118145
              ],
              [
                48.04902660019752,
                32.805785199527406
              ],
              [
                48.088115599655225,
                32.689384199721076
              ],
              [
                47.96914660013556,
                32.6582799002972
              ],
              [
                47.95466609966081,
                32.63533389973975
              ],
              [
                47.988327099715946,
                32.61141209968872
              ],
              [
                47.91521840020903,
                32.60278229976336
              ],
              [
                47.932857600298064,
                32.58240909950041
              ],
              [
                47.90061949949035,
                32.56830610024639
              ],
              [
                47.944046000222784,
                32.56157200014775
              ],
              [
                47.94257730030222,
                32.51701050013452
              ],
              [
                48.016063799604694,
                32.52335670015162
              ],
              [
                48.035625500216725,
                32.355350799999485
              ],
              [
                47.9717101994662,
                32.32745729971464
              ],
              [
                47.98502349953492,
                32.26389349988517
              ],
              [
                47.81006249988451,
                32.11607299996905
              ],
              [
                47.66411099982281,
                32.04854200011329
              ]
            ]
          ],
          [
            [
              [
                48.93425419957168,
                30.35670460023715
              ],
              [
                48.91623859993149,
                30.353462299645457
              ],
              [
                48.932123099501496,
                30.317076600204985
              ],
              [
                48.93425419957168,
                30.35670460023715
              ]
            ]
          ],
          [
            [
              [
                48.90034519977121,
                30.3480657998968
              ],
              [
                48.89591119944237,
                30.347480299875997
              ],
              [
                48.8979744996235,
                30.348027799943054
              ],
              [
                48.900356099554415,
                30.347551900300004
              ],
              [
                48.90034519977121,
                30.3480657998968
              ]
            ]
          ],
          [
            [
              [
                48.94530940000885,
                30.331297399855146
              ],
              [
                48.94746779989907,
                30.334416399797078
              ],
              [
                48.94206089949097,
                30.33073209950686
              ],
              [
                48.94530940000885,
                30.331297399855146
              ]
            ]
          ],
          [
            [
              [
                48.96462860022979,
                30.32157240014618
              ],
              [
                48.96226889969,
                30.321021200268206
              ],
              [
                48.96436419954824,
                30.32002559950189
              ],
              [
                48.96462860022979,
                30.32157240014618
              ]
            ]
          ],
          [
            [
              [
                48.94716480031536,
                30.32052800036695
              ],
              [
                48.94290079973217,
                30.311847399537896
              ],
              [
                48.94645299950639,
                30.31203220032586
              ],
              [
                48.94716480031536,
                30.32052800036695
              ]
            ]
          ],
          [
            [
              [
                48.91161469965874,
                30.3059523003584
              ],
              [
                48.91337269979033,
                30.306880600359477
              ],
              [
                48.90923119946035,
                30.30655740020393
              ],
              [
                48.91161469965874,
                30.3059523003584
              ]
            ]
          ],
          [
            [
              [
                49.03481069985395,
                30.250139199664375
              ],
              [
                49.04196700017695,
                30.23276259981418
              ],
              [
                49.05403130020437,
                30.229085600220344
              ],
              [
                49.03481069985395,
                30.250139199664375
              ]
            ]
          ],
          [
            [
              [
                48.67447219953243,
                30.20689780009343
              ],
              [
                48.743366399839545,
                30.09175670011166
              ],
              [
                48.73102990020976,
                30.02097910000549
              ],
              [
                48.889060799916024,
                30.002664799540923
              ],
              [
                48.87870460023714,
                30.056345200270812
              ],
              [
                48.67447219953243,
                30.20689780009343
              ]
            ]
          ],
          [
            [
              [
                49.21410729961224,
                30.153454600049827
              ],
              [
                49.16532830026091,
                30.143267900093576
              ],
              [
                49.153073499542415,
                30.134096499653765
              ],
              [
                49.21410729961224,
                30.153454600049827
              ]
            ]
          ],
          [
            [
              [
                49.18690560011339,
                30.144339099669764
              ],
              [
                49.186900900256376,
                30.144596199654927
              ],
              [
                49.186309300134155,
                30.144587999636542
              ],
              [
                49.18690560011339,
                30.144339099669764
              ]
            ]
          ],
          [
            [
              [
                49.1145492995106,
                30.106550299556716
              ],
              [
                49.09812080003496,
                30.099628199781648
              ],
              [
                49.11947930022956,
                30.09607869977225
              ],
              [
                49.1145492995106,
                30.106550299556716
              ]
            ]
          ]
        ]
      }
    },
    {
      "type": "Feature",
      "properties": {
        "id": "tehran",
        "name": "تهران"
      },
      "geometry": {
        "type": "Polygon",
        "coordinates": [
          [
            [
              51.45929029960769,
              36.14010339955229
            ],
            [
              51.4568224996587,
              36.06082380037816
            ],
            [
              51.40654310018397,
              35.97720899949576
            ],
            [
              51.413070699753064,
              35.893106800238684
            ],
            [
              51.24320170019837,
              35.93997719988789
            ],
            [
              51.092917000319346,
              35.808586599691864
            ],
            [
              51.089009900186795,
              35.742834600036815
            ],
            [
              51.11447339992753,
              35.730463800264204
            ],
            [
              51.02781290014531,
              35.742413700232134
            ],
            [
              51.00246999949093,
              35.69503689953336
            ],
            [
              50.956488899842896,
              35.725829600056045
            ],
            [
              50.914197299465854,
              35.68983699967782
            ],
            [
              50.88651949977515,
              35.714419900358166
            ],
            [
              50.39702139961793,
              35.638353599539016
            ],
            [
              50.353439299983734,
              35.570529300187104
            ],
            [
              50.62594939954522,
              35.54747470019731
            ],
            [
              50.95235589990489,
              35.45275279990187
            ],
            [
              50.95679929994776,
              35.39746639975459
            ],
            [
              50.849009299739464,
              35.173028599690156
            ],
            [
              50.86929739985516,
              35.15968909967228
            ],
            [
              51.012359100292315,
              35.13801510021676
            ],
            [
              51.14514069988343,
              35.180515499790545
            ],
            [
              51.488769999835654,
              35.106906100036554
            ],
            [
              51.599328900208604,
              35.01773160033315
            ],
            [
              51.73322719967558,
              35.00162980027511
            ],
            [
              51.96490459976752,
              34.865238699706254
            ],
            [
              52.044630199724,
              35.04968259977221
            ],
            [
              51.87295519962282,
              35.27830069961766
            ],
            [
              51.9439291001479,
              35.36130209991205
            ],
            [
              51.91240130007998,
              35.414411499491166
            ],
            [
              51.929624199497255,
              35.55858429972568
            ],
            [
              51.98573689943839,
              35.57552600002492
            ],
            [
              52.03518309952045,
              35.4935831998049
            ],
            [
              52.257693700104255,
              35.4405263997736
            ],
            [
              52.38019910010843,
              35.337461999671575
            ],
            [
              52.55520700030286,
              35.41191410015563
            ],
            [
              52.69771530022098,
              35.55192159950229
            ],
            [
              52.80105399984228,
              35.54941509992699
            ],
            [
              52.89911279951616,
              35.64192010033241
            ],
            [
              53.156069799681575,
              35.796094299712195
            ],
            [
              53.01745139946257,
              35.85359459961114
            ],
            [
              52.936892299739895,
              35.83387229986681
            ],
            [
              52.70493829966284,
              35.928036099786254
            ],
            [
              52.56798639985254,
              35.94331300029478
            ],
            [
              52.43575810005632,
              35.91220889962108
            ],
            [
              52.23741380000689,
              35.7696997003809
            ],
            [
              52.07268559956083,
              35.763317299953485
            ],
            [
              51.87823110028512,
              35.85998470003392
            ],
            [
              51.76044899992144,
              36.00665289951178
            ],
            [
              51.45929029960769,
              36.14010339955229
            ]
          ]
        ]
      }
    }
  ]
}
